,Unnamed: 0,Id,Symbol,Name,Image,Current_Price,Market_Cap,Market_Cap_Rank,Fully_Diluted_Valuation,Total_Volume,High_24H,Low_24H,Price_Change_24H,Price_Change_Percentage_24H,Market_Cap_Change_24H,Market_Cap_Change_Percentage_24H,Circulating_Supply,Total_Supply,Max_Supply,Ath,Ath_Change_Percentage,Ath_Date,Atl,Atl_Change_Percentage,Atl_Date,Last_Updated,Market_Cap_Category
0,0,Bitcoin,BTC,Bitcoin,['https://coin-images.coingecko.com/coins/images/1/large/bitcoin.png?1696501400'],78684.0,1580275635266,1.0,1580276343509.0,28365252951.0,79625.0,78193.0,-735.4156704023917,-0.92599,-14542932589.59497,-0.91189,20081356.0,20081384.0,21000000.0,126080.0,-37.5918,2025-10-06 10:57:42+00:00,67.81,115937.97275,2013-07-05 16:00:00+00:00,2026-09-08T10:40:20.000Z,High
1,1,Ethereum,ETH,Ethereum,['https://coin-images.coingecko.com/coins/images/279/large/ethereum.png?1696501628'],2483.81,303153611745,2.0,303153611745.0,10775168497.0,2510.03,2463.89,-6.414983197982565,-0.25761,-720402504.4065552,-0.23707,122029704.52429248,122029704.5242924,1000000000.0,4946.05,-49.78192,2025-08-24 11:21:03+00:00,0.432979,573556.28704,2015-10-19 16:00:00+00:00,2026-09-08T10:40:20.000Z,High
2,2,Tether,USDT,Tether,['https://coin-images.coingecko.com/coins/images/325/large/Tether.png?1696501661'],0.999617,183373606607,3.0,188838616048.0,52339693885.0,0.999963,0.999639,-0.0002931874031134,-0.02932,-20575525.88433838,-0.01122,183438580383.21188,188905526211.2662,1000000000.0,1.32,-24.44864,2018-07-23 16:00:00+00:00,0.572521,74.5991,2015-03-01 16:00:00+00:00,2026-09-08T10:40:20.000Z,High
3,3,Binancecoin,BNB,BNB,['https://coin-images.coingecko.com/coins/images/825/large/bnb-icon2_2x.png?1696501970'],756.34,100745427737,4.0,100745423274.0,1101472196.0,760.33,734.68,11.87,1.59483,1610791684.0,1.62485,133161534.56,133161524.46,200000000.0,1369.99,-44.7923,2025-10-13 00:41:24+00:00,0.0398177,1899409.15836,2017-10-18 16:00:00+00:00,2026-09-08T10:40:20.000Z,High
4,4,Ripple,XRP,XRP,['https://coin-images.coingecko.com/coins/images/44/large/xrp-symbol-white-128.png?1696501442'],1.4,87813905196,5.0,139934619800.0,1895391461.0,1.41,1.38,-0.0010442907467882,-0.07456,-72184385.07315063,-0.08213,62744504852.0,99985627691.0,100000000000.0,3.65,-61.61524,2025-07-17 19:40:53+00:00,0.00268621,52005.2056,2014-05-21 16:00:00+00:00,2026-09-08T10:40:20.000Z,High
5,5,Usd-Coin,USDC,USDC,['https://coin-images.coingecko.com/coins/images/6319/large/USDC.png?1769615602'],0.999818,74279792678,6.0,74295541586.0,12828149718.0,0.999982,0.999715,-9.989898849927e-05,-0.00999,-182993145.64796448,-0.24575,74291134049.27977,74308767608.53168,1000000000.0,1.043,-4.18285,2018-11-14 16:00:00+00:00,0.877647,13.92034,2023-03-11 00:02:13+00:00,2026-09-08T10:40:20.000Z,High
6,6,Solana,SOL,Solana,['https://coin-images.coingecko.com/coins/images/4128/large/solana.png?1718769756'],103.45,60651532573,7.0,65564091401.0,2965124741.0,105.8,102.49,-1.5464949984799716,-1.47293,-892796400.5877151,-1.45066,586165316.7405379,633642585.8047512,1000000000.0,293.31,-64.73097,2025-01-19 03:15:27+00:00,0.500801,20556.55599,2020-05-11 11:35:23+00:00,2026-09-08T10:40:20.000Z,High
7,7,Tron,TRX,TRON,['https://coin-images.coingecko.com/coins/images/1094/large/photo_2026-04-13_09-59-16.png?1776048311'],0.337962,32088934044,8.0,32088943390.0,360845846.0,0.338947,0.333764,0.00122973,0.36519,119745958.0,0.37457,94940834101.76828,94940829281.17767,1000000000.0,0.431288,-21.63891,2024-12-03 16:10:40+00:00,0.00180434,18630.50147,2017-11-11 16:00:00+00:00,2026-09-08T10:40:20.000Z,High
8,8,Figure-Heloc,FIGR_HELOC,Figure Heloc,['https://coin-images.coingecko.com/coins/images/68480/large/figure.png?1755863954'],1.055,23516084575,9.0,23516084575.0,343538.0,0.3448725,0.3210785,0.0,0.0,7.4505e-09,0.0,22290650137.398,22292012681.268,1000000000.0,1.061,-0.52441,2026-08-03 14:19:20+00:00,0.155357,579.06691,2025-10-31 06:27:24+00:00,2026-09-05T22:40:20.000Z,High
9,9,Zcash,ZEC,Zcash,['https://coin-images.coingecko.com/coins/images/486/large/Brandmark-Yellow_%281%29.png?1785810558'],1145.17,19372107276,9.0,19373525928.0,855926585.0,1207.0,1115.46,-63.00560698892605,-5.21495,-1069127138.0445862,-5.23025,16919759.5405448,16921093.9155448,21000000.0,3191.93,-64.12306,2016-10-28 16:00:00+00:00,16.08,7021.62545,2024-07-04 20:22:29+00:00,2026-09-08T10:40:20.000Z,High
10,10,Hyperliquid,HYPE,Hyperliquid,['https://coin-images.coingecko.com/coins/images/50882/large/hyperliquid.jpg?1729431300'],83.99,18686454242,10.0,80250150475.0,1117309496.0,88.31,83.36,-3.612827003414381,-4.1242,-799935333.6291733,-4.1051,222445714.07414135,955307079.4341414,1000000000.0,89.6,-6.26363,2026-09-06 12:28:40+00:00,3.81,2105.13446,2024-11-29 01:30:30+00:00,2026-09-08T10:40:20.000Z,High
11,11,Dogecoin,DOGE,Dogecoin,['https://coin-images.coingecko.com/coins/images/5/large/dogecoin.png?1696501409'],0.090475,14101942714,11.0,15523773798.0,856619459.0,0.091742,0.088783,0.00084874,0.94698,136845542.0,0.97991,155829276383.7052,171540993126.579,1000000000.0,0.731578,-87.63295,2021-05-07 21:08:23+00:00,8.69e-05,104008.98377,2015-05-05 16:00:00+00:00,2026-09-08T10:40:20.000Z,High
12,12,Rain,RAIN,Rain,['https://coin-images.coingecko.com/coins/images/69134/large/Rain_logo_1_.png?1762952191'],0.01694981,12020746007,12.0,19363254096.0,18336042.0,0.01702228,0.01622091,0.00043621,2.64154,309172356.0,2.63989,709209451324.5757,1142408533080.588,1150000000000.0,0.01946402,-12.91726,2026-08-25 19:53:00+00:00,0.00222126,663.07203,2025-09-14 00:56:57+00:00,2026-09-08T10:40:20.000Z,High
13,13,Usds,USDS,USDS,['https://coin-images.coingecko.com/coins/images/39926/large/usds.webp?1726666683'],0.99976,9844620112,13.0,9844620112.0,128017136.0,0.999985,0.999621,-5.9830089352508e-05,-0.00598,-3380383.3294563293,-0.03433,9846522859.866425,9846522859.866425,1000000000.0,1.057,-5.44421,2024-10-28 21:40:51+00:00,0.948265,5.43036,2024-10-03 05:19:28+00:00,2026-09-08T10:40:20.000Z,High
14,14,Monero,XMR,Monero,['https://coin-images.coingecko.com/coins/images/69/large/monero_logo.png?1696501460'],512.16,9634773291,14.0,9634785589.0,115224491.0,537.98,506.72,-22.54967608252321,-4.21716,-418598342.1685829,-4.16376,18801875.18655037,18801901.58079035,1000000000.0,797.73,-35.79793,2026-01-14 11:34:07+00:00,0.216177,236818.3688,2015-01-13 16:00:00+00:00,2026-09-08T10:40:20.000Z,High
15,15,Chainlink,LINK,Chainlink,['https://coin-images.coingecko.com/coins/images/877/large/Chainlink_Logo_500.png?1760023405'],12.67,9478369592,15.0,12669923762.0,471742175.0,13.32,12.57,-0.644042618783951,-4.83806,-480328969.3187542,-4.82321,748099970.424884,1000000000.0,1000000000.0,52.7,-75.9605,2021-05-09 16:13:57+00:00,0.148183,8448.87548,2017-11-28 16:00:00+00:00,2026-09-08T10:40:20.000Z,High
16,16,Whitebit,WBT,WhiteBIT Coin,['https://coin-images.coingecko.com/coins/images/27045/large/wbt_token.png?1696526096'],78.64,9275748594,16.0,23088398811.0,97147292.0,78.83,72.57,5.5,7.51956,648797991.0,7.52059,117956019.0,293606018.0,400000000.0,78.9,-0.33089,2026-09-08 10:26:00+00:00,3.06,2468.40036,2023-02-13 11:01:21+00:00,2026-09-08T10:40:20.000Z,High
17,17,Leo-Token,LEO,LEO Token,['https://coin-images.coingecko.com/coins/images/8418/large/leo-token.png?1696508607'],9.19,8449521578,17.0,9050096633.0,385953.0,9.28,9.13,0.233572,2.60914,214896870.0,2.60967,919857851.9,985239504.0,1000000000.0,10.61,-13.45088,2026-05-04 09:35:00+00:00,0.799859,1048.40638,2019-12-24 07:14:35+00:00,2026-09-08T10:40:20.000Z,High
18,18,Cardano,ADA,Cardano,['https://coin-images.coingecko.com/coins/images/975/large/cardano.png?1696502090'],0.219903,8252089956,18.0,9899740655.0,435379882.0,0.224738,0.21582,0.00045032,0.2052,20325550.0,0.24692,37510482444.2993,45000000000.0,45000000000.0,3.09,-92.87629,2021-09-01 22:00:10+00:00,0.01925275,1042.18868,2020-03-12 18:22:55+00:00,2026-09-08T10:40:20.000Z,High
19,19,Stellar,XLM,Stellar,['https://coin-images.coingecko.com/coins/images/100/large/fmpFRHHQ_400x400.jpg?1735231350'],0.190671,6636457979,19.0,9534921665.0,224396049.0,0.196218,0.188438,-0.0013924299786325,-0.72498,-47741668.73470974,-0.71425,34802043363.5498,50001786839.70248,1000000000.0,0.875563,-78.22305,2018-01-02 16:00:00+00:00,0.00047612,39946.54072,2015-03-04 16:00:00+00:00,2026-09-08T10:40:20.000Z,High
20,20,Bitcoin-Cash,BCH,Bitcoin Cash,['https://coin-images.coingecko.com/coins/images/780/large/bitcoin-cash-circle.png?1696501932'],257.29,5167968002,20.0,5167967198.0,215918510.0,269.15,254.67,0.370671,0.14428,7639335.0,0.14804,20086299.89665078,20086599.89665078,21000000.0,3785.82,-93.20398,2017-12-19 16:00:00+00:00,76.93,234.41969,2018-12-15 16:00:00+00:00,2026-09-08T10:40:20.000Z,High
21,21,Dai,DAI,Dai,['https://coin-images.coingecko.com/coins/images/9956/large/Badge_Dai.png?1696509996'],0.99988,4594251428,21.0,4595115141.0,257299964.0,1.0,0.999698,1.547e-05,0.00155,-4207042.126357079,-0.09149,4594662032.484724,4604244092.769286,1000000000.0,1.22,-17.9707,2020-03-12 19:02:50+00:00,0.88196,13.37026,2023-03-10 23:50:50+00:00,2026-09-08T10:40:20.000Z,High
22,22,Ethena-Usde,USDE,Ethena USDe,['https://coin-images.coingecko.com/coins/images/33613/large/usde.png?1733810059'],0.999701,4393519977,22.0,4397454515.0,67929806.0,0.999863,0.999578,-1.3945827621487e-05,-0.00139,22882731.0,0.52356,4394707971.92017,4398643573.20917,1000000000.0,1.034,-3.31932,2025-12-09 09:10:12+00:00,0.929486,7.55421,2024-10-03 23:57:15+00:00,2026-09-08T10:40:20.000Z,High
23,23,Uniswap,UNI,Uniswap,['https://coin-images.coingecko.com/coins/images/12504/large/uniswap-logo.png?1720676669'],7.02,4373790844,23.0,6249374185.0,582535122.0,7.19,6.75,-0.0124255638796784,-0.17666,-9665568.606313704,-0.2205,623212423.7271129,890460420.0329479,1000000000.0,44.92,-84.36831,2021-05-02 21:25:04+00:00,1.03,581.58109,2020-09-16 17:20:38+00:00,2026-09-08T10:40:20.000Z,High
24,24,Litecoin,LTC,Litecoin,['https://coin-images.coingecko.com/coins/images/2/large/litecoin.png?1696501400'],55.59,4313568826,24.0,4313584811.0,437406252.0,59.36,54.6,-0.356768278003635,-0.63767,-27092045.49748707,-0.62415,77584298.07747455,77587366.8350945,84000000.0,410.26,-86.44977,2021-05-09 19:13:07+00:00,1.15,4738.8839,2015-01-13 16:00:00+00:00,2026-09-08T10:40:20.000Z,High
25,25,Usd1-Wlfi,USD1,USD1,['https://coin-images.coingecko.com/coins/images/54977/large/USD1_1000x1000_transparent.png?1749297002'],0.999482,4258017372,25.0,4258017372.0,1002775471.0,0.99992,0.999411,-0.0002785406422685,-0.02786,8987954.0,0.21153,4260049888.265247,4260049888.265247,1000000000.0,1.048,-4.62338,2026-07-09 10:14:50+00:00,0.988762,1.08417,2026-07-09 09:13:20+00:00,2026-09-08T10:40:20.000Z,High
26,26,Canton-Network,CC,Canton,['https://coin-images.coingecko.com/coins/images/70468/large/Canton-Ticker_%281%29.png?1762826299'],0.104958,4150853113,26.0,4150853113.0,10531637.0,0.108787,0.103674,-0.0021361240767486,-1.99462,-84130849.27500296,-1.98657,39551237872.93061,39551237872.93061,1000000000.0,0.194152,-45.94002,2026-02-03 00:02:08+00:00,0.059024,77.82303,2025-12-06 02:32:09+00:00,2026-09-08T10:40:20.000Z,High
27,27,The-Open-Network,GRAM,Gram (prev. Toncoin),['https://coin-images.coingecko.com/coins/images/17980/large/Gram_Circular_Badge.png?1781524778'],1.39,3881553218,27.0,7315587468.0,38092963.0,1.42,1.38,-0.024393486174733,-1.71891,-67259291.07559538,-1.70328,2783147924.020072,5245445554.683425,1000000000.0,8.25,-83.1016,2024-06-14 16:36:51+00:00,0.519364,168.54546,2021-09-20 16:33:11+00:00,2026-09-08T10:40:20.000Z,High
28,28,Hedera-Hashgraph,HBAR,Hedera,['https://coin-images.coingecko.com/coins/images/3688/large/hbar.png?1696504364'],0.080444,3527127548,28.0,4023502212.0,91823847.0,0.083137,0.079587,-0.0001352729473639,-0.16788,-4800176.692503452,-0.13591,43831559703.50333,50000000000.0,50000000000.0,0.569229,-85.86785,2021-09-15 02:40:28+00:00,0.00986111,715.77309,2020-01-02 09:30:24+00:00,2026-09-08T10:40:20.000Z,High
29,29,Avalanche-2,AVAX,Avalanche,['https://coin-images.coingecko.com/coins/images/12559/large/Avalanche_Circle_RedWhite_Trans.png?1696512369'],8.12,3506452489,29.0,3763639627.0,409880454.0,8.19,7.84,0.243094,3.08604,105299070.0,3.09598,431771961.1772119,463441061.1772119,720000000.0,144.96,-94.39838,2021-11-21 06:18:56+00:00,2.8,189.89594,2020-12-31 05:15:21+00:00,2026-09-08T10:40:20.000Z,High
30,30,Sui,SUI,Sui,['https://coin-images.coingecko.com/coins/images/26375/large/sui-ocean-square.png?1727791290'],0.822782,3371093171,30.0,8229128774.0,713383583.0,0.843603,0.801089,0.0108149,1.33194,44839058.0,1.34803,4096537146.54096,10000000000.0,10000000000.0,5.35,-84.61102,2025-01-04 14:56:18+00:00,0.364846,125.51473,2023-10-19 02:40:30+00:00,2026-09-08T10:40:20.000Z,High
31,31,Global-Dollar,USDG,Global Dollar,['https://coin-images.coingecko.com/coins/images/51281/large/GDN_USDG_Token_200x200.png?1730484111'],1.0,3249021587,31.0,3249021587.0,1251694208.0,1.0,0.999842,5.83e-05,0.00583,-12877005.41104746,-0.39477,3248823580.343932,3248823580.343932,1000000000.0,1.65,-39.55713,2025-01-29 16:11:05+00:00,0.907561,10.18948,2024-11-11 15:55:50+00:00,2026-09-08T10:40:20.000Z,High
32,32,Shiba-Inu,SHIB,Shiba Inu,['https://coin-images.coingecko.com/coins/images/11939/large/shiba.png?1696511800'],5.47e-06,3222506132,32.0,3223910559.0,75633781.0,5.58e-06,5.37e-06,-3.850254982e-09,-0.07036,-1999577.5301094053,-0.06201,589239307782558.2,589496238721205.9,1000000000.0,8.616e-05,-93.65304,2021-10-27 19:54:55+00:00,5.6366e-11,9701544.2407,2020-11-28 03:26:25+00:00,2026-09-08T10:40:20.000Z,High
33,33,Near,NEAR,NEAR Protocol,['https://coin-images.coingecko.com/coins/images/10365/large/near.jpg?1696510367'],2.32,3033217086,33.0,3033217144.0,310926388.0,2.4,2.26,-0.0271842106549482,-1.15668,-35355312.024730206,-1.15217,1305751378.0,1305751399.0,1000000000.0,20.44,-88.63395,2022-01-16 14:09:45+00:00,0.526762,340.99705,2020-11-04 08:09:15+00:00,2026-09-08T10:40:20.000Z,High
34,34,Paypal-Usd,PYUSD,PayPal USD,['https://coin-images.coingecko.com/coins/images/31212/large/PYUSD_Token_Logo_2x.png?1765987788'],0.999813,2889102408,34.0,2888302488.0,74594289.0,1.0,0.999693,-7.3263118377631e-05,-0.00733,-36177578.01132202,-1.23672,2889539541.1145854,2889539541.114585,1000000000.0,1.021,-2.04993,2023-10-23 14:44:57+00:00,0.959426,4.20948,2024-12-05 14:31:13+00:00,2026-09-08T10:40:20.000Z,High
35,35,Crypto-Com-Chain,CRO,Cronos,['https://coin-images.coingecko.com/coins/images/7310/large/cro_token_logo.png?1696507599'],0.05864,2846078223,35.0,5799158485.0,7800130.0,0.059612,0.056503,0.00116219,2.02196,56110712.0,2.01116,48541608216.46457,98908299222.92136,100000000000.0,0.891544,-93.4226,2021-11-23 16:00:00+00:00,0.0121196,383.84804,2019-02-07 16:00:00+00:00,2026-09-08T10:40:20.000Z,High
36,36,Blackrock-Usd-Institutional-Digital-Liquidity-Fund,BUIDL,BlackRock USD Institutional Digital Liquidity Fund,['https://coin-images.coingecko.com/coins/images/36291/large/blackrock.png?1711013223'],1.0,2832282866,36.0,2832282866.0,6277292.0,1.0,1.0,0.0,0.0,0.0,0.0,2832282865.800449,2832282865.800449,1000000000.0,1.0,0.0,2025-02-11 21:00:10+00:00,1.0,0.0,2026-07-23 07:25:00+00:00,2026-09-08T10:40:20.000Z,High
37,37,Tether-Gold,XAUT,Tether Gold,['https://coin-images.coingecko.com/coins/images/10481/large/logo.png?1774627372'],4391.15,2691066904,37.0,3107900190.0,635239304.0,4438.15,4380.56,-1.180751959312147,-0.02688,-655351.1063652039,-0.02435,612823.6595320001,707747.089,1000000000.0,5504.62,-20.22791,2026-01-28 16:00:00+00:00,1447.84,203.28927,2020-03-19 05:45:41+00:00,2026-09-08T10:40:20.000Z,High
38,38,Memecore,M,MemeCore,['https://coin-images.coingecko.com/coins/images/53247/large/square-bg-transparent.png?1752637478'],1.18,2688542133,38.0,6408446787.0,2119179.0,1.2,1.11,0.054283,4.80363,123271585.0,4.8054,2270423504.092472,5411813350.607758,10000000000.0,5.64,-79.01384,2026-07-02 04:14:00+00:00,0.04746135,2395.36106,2025-07-03 19:56:17+00:00,2026-09-08T10:40:20.000Z,High
39,39,Hashnote-Usyc,USYC,Circle USYC,['https://coin-images.coingecko.com/coins/images/51054/large/Hashnote_SDYC_200x200.png?1730370965'],1.14,2624340328,39.0,2624340328.0,6277292.0,1.14,1.14,0.0,0.0,0.0,0.0,2308988052.650666,2308988052.650666,1000000000.0,1.14,0.0,2026-09-04 13:05:00+00:00,1.026,10.76628,2024-12-05 14:31:20+00:00,2026-09-08T10:40:20.000Z,High
40,40,Bittensor,TAO,Bittensor,['https://coin-images.coingecko.com/coins/images/28452/large/ARUsPeNQ_400x400.jpeg?1696527447'],255.68,2454309082,40.0,5370204643.0,195547115.0,266.02,251.93,-11.193380963358749,-4.19423,-107030042.11553478,-4.17868,9597491.0,21000000.0,21000000.0,757.6,-66.25121,2024-03-07 10:45:36+00:00,30.83,729.33111,2023-05-14 00:57:53+00:00,2026-09-08T10:40:20.000Z,High
41,41,Ripple-Usd,RLUSD,Ripple USD,['https://coin-images.coingecko.com/coins/images/39651/large/RLUSD_200x200_%281%29.png?1727376633'],0.999921,2431540376,41.0,2431540376.0,111206114.0,1.0,0.999853,-0.0001086047256311,-0.01086,24317883.0,1.01021,2431651384.647228,2431651384.647228,1000000000.0,1.073,-6.79491,2024-12-26 02:45:52+00:00,0.962292,3.91037,2024-12-17 20:40:40+00:00,2026-09-08T10:40:20.000Z,High
42,42,Okb,OKB,OKB,['https://coin-images.coingecko.com/coins/images/4463/large/WeChat_Image_20220118095654.png?1696505053'],115.75,2430773190,42.0,2430773190.0,41188089.0,118.02,113.83,0.680248,0.59114,14226178.0,0.5887,21000000.0,21000000.0,21000000.0,228.74,-49.39485,2025-10-04 16:00:00+00:00,0.580608,19836.67253,2019-01-13 16:00:00+00:00,2026-09-08T10:40:20.000Z,High
43,43,Ondo-Us-Dollar-Yield,USDY,Ondo US Dollar Yield,['https://coin-images.coingecko.com/coins/images/31700/large/usdy_%281%29.png?1696530524'],1.15,2206243882,43.0,2206243882.0,1026451.0,1.15,1.14,0.00368759,0.32299,11000660.0,0.50111,1926113308.788933,1926113308.788933,1000000000.0,1.26,-9.31407,2024-03-26 21:24:08+00:00,0.934184,22.61025,2024-01-14 03:40:50+00:00,2026-09-08T10:40:20.000Z,High
44,44,Mantle,MNT,Mantle,['https://coin-images.coingecko.com/coins/images/30980/large/MNT_Token_Logo.png?1765516974'],0.628583,2076052945,44.0,3909897014.0,34684995.0,0.644505,0.615342,-0.0046559721626533,-0.73526,-15089464.72490573,-0.72159,3302294382.53684,6219316794.889999,6219316794.89,2.86,-77.98351,2025-10-08 17:04:46+00:00,0.307978,104.10039,2023-10-17 18:50:46+00:00,2026-09-08T10:40:20.000Z,High
45,45,Aster-2,ASTER,Aster,['https://coin-images.coingecko.com/coins/images/69040/large/_ASTER.png?1757326782'],0.763985,2066841068,45.0,5964917862.0,197341274.0,0.807319,0.757456,-0.0370071092488167,-4.62016,-99098819.85686684,-4.57533,2704071066.7997317,7803968119.651995,8000000000.0,2.41,-68.28274,2025-09-24 03:18:14+00:00,0.099713,666.18042,2025-09-17 04:05:36+00:00,2026-09-08T10:40:20.000Z,High
46,46,Aave,AAVE,Aave,['https://coin-images.coingecko.com/coins/images/12645/large/aave-token-round.png?1720472354'],131.07,2022361199,46.0,2097413533.0,197371662.0,135.4,130.38,-2.860448845972257,-2.1358,-43813506.241119385,-2.12051,15427467.534597551,16000000.0,16000000.0,661.69,-80.1918,2021-05-18 13:19:59+00:00,26.02,403.66272,2020-11-05 01:20:11+00:00,2026-09-08T10:40:20.000Z,High
47,47,Pax-Gold,PAXG,PAX Gold,['https://coin-images.coingecko.com/coins/images/9519/large/asset-paxg.png?1785284785'],4395.78,1901309327,47.0,1901309327.0,99822651.0,4440.78,4384.72,0.321248,0.00731,257718.0,0.01356,432503.322051,432503.322051,1000000000.0,5619.09,-21.77057,2026-01-28 22:30:56+00:00,1399.64,214.06487,2019-11-17 19:09:35+00:00,2026-09-08T10:40:20.000Z,High
48,48,Polkadot,DOT,Polkadot,['https://coin-images.coingecko.com/coins/images/12171/large/polkadot.jpg?1766533446'],1.09,1855071577,48.0,1855082520.0,376502071.0,1.11,0.977826,0.11011,11.23395,187214589.0,11.22486,1701779675.50471,1701797285.64261,2100000000.0,54.98,-98.01694,2021-11-04 06:10:09+00:00,0.727004,49.96681,2026-08-18 02:57:10+00:00,2026-09-08T10:40:20.000Z,High
49,49,Ondo-Finance,ONDO,Ondo,['https://coin-images.coingecko.com/coins/images/26580/large/ONDO.png?1696525656'],0.379665,1849393902,49.0,3798045431.0,127669640.0,0.393274,0.373128,-0.0072544166448838,-1.87491,-34646441.77270937,-1.83894,4869330647.0,10000000000.0,10000000000.0,2.14,-82.25992,2024-12-15 16:36:00+00:00,0.082171,362.04306,2024-01-18 04:14:30+00:00,2026-09-08T10:40:20.000Z,High
50,50,World-Liberty-Financial,WLFI,World Liberty Financial,['https://coin-images.coingecko.com/coins/images/50767/large/wlfi.png?1756438915'],0.056116,1783225089,50.0,5611665654.0,26957207.0,0.057353,0.055789,-0.0005059852411656,-1.01212,-16050104.592070105,-0.89203,31777108594.0,100000000000.0,100000000000.0,0.331336,-83.06379,2025-09-01 04:20:09+00:00,0.050799,10.46674,2026-08-09 02:00:00+00:00,2026-09-08T10:40:20.000Z,High
51,51,Worldcoin-Wld,WLD,Worldcoin,['https://coin-images.coingecko.com/coins/images/31069/large/worldcoin.jpeg?1696529903'],0.479348,1764214908,51.0,4797611287.0,432018361.0,0.50505,0.443279,0.02707633,5.89971,119531039.0,7.26772,3677277718.080173,10000000000.0,10000000000.0,11.74,-95.91718,2024-03-09 16:10:42+00:00,0.229961,108.44709,2026-05-18 15:06:00+00:00,2026-09-08T10:40:20.000Z,High
52,52,Pump-Fun,PUMP,Pump.fun,['https://coin-images.coingecko.com/coins/images/67164/large/pump.jpg?1751949376'],0.00437301,1728079004,52.0,3653473122.0,327559010.0,0.00463128,0.00413436,0.00013435,2.98304,53043839.0,3.16673,395022632494.0463,835145298888.7725,1000000000000.0,0.00881908,-50.41419,2025-09-14 08:42:40+00:00,0.00115473,278.70573,2026-06-25 17:04:20+00:00,2026-09-08T10:40:20.000Z,High
53,53,Internet-Computer,ICP,Internet Computer,['https://coin-images.coingecko.com/coins/images/14495/large/Internet_Computer_logo.png?1696514180'],3.04,1690696931,53.0,1690697280.0,117913930.0,3.12,2.88,0.03463458,1.03713,20519424.0,1.22858,556249791.0033374,556249905.9570928,1000000000.0,700.65,-99.56651,2021-05-10 08:05:53+00:00,2.0,51.65883,2026-08-01 20:31:10+00:00,2026-09-08T10:40:20.000Z,High
54,54,Morpho,MORPHO,Morpho,['https://coin-images.coingecko.com/coins/images/29837/large/Morpho-token-icon.png?1726771230'],2.41,1662535455,54.0,2413733487.0,36475670.0,2.57,2.39,-0.1539658224474189,-5.92745,-105946380.6560657,-5.99081,688781700.2806317,1000000000.0,1000000000.0,4.17,-42.12196,2025-01-17 04:46:19+00:00,0.713151,238.47875,2024-11-24 17:55:43+00:00,2026-09-08T10:40:20.000Z,High
55,55,Ethena,ENA,Ethena,['https://coin-images.coingecko.com/coins/images/36530/large/ethena.png?1711701436'],0.163245,1648103097,55.0,2448814383.0,409993612.0,0.17165,0.161528,-0.007535226320713,-4.44095,-75972799.37213254,-4.40658,10095312500.0,15000000000.0,15000000000.0,1.52,-89.24396,2024-04-11 05:15:15+00:00,0.070228,132.44788,2026-06-30 15:44:00+00:00,2026-09-08T10:40:20.000Z,High
56,56,Sky,SKY,Sky,['https://coin-images.coingecko.com/coins/images/39925/large/sky.jpg?1724827980'],0.067882,1590378985,56.0,1592675522.0,8288307.0,0.069593,0.06735,-0.0003490013001081,-0.4723,-7767038.55504322,-0.486,23428833460.579952,23462665147.36596,23462665147.3,0.100535,-32.479,2024-12-04 02:13:57+00:00,0.03582727,89.47129,2025-02-02 21:01:48+00:00,2026-09-08T10:40:20.000Z,High
57,57,Pepe,PEPE,Pepe,['https://coin-images.coingecko.com/coins/images/29850/large/pepe-token.jpeg?1696528776'],3.62e-06,1525212598,58.0,1525212598.0,206091183.0,3.7e-06,3.55e-06,2.8651e-08,0.74764,13545758.0,0.89608,420690000000000.0,420690000000000.0,420690000000000.0,2.803e-05,-87.07746,2024-12-09 08:30:35+00:00,5.5142e-08,6468.36663,2023-04-17 18:14:41+00:00,2026-09-08T10:40:20.000Z,High
58,58,Htx-Dao,HTX,HTX DAO,['https://coin-images.coingecko.com/coins/images/35491/large/Frame_1321318576.png?1708908626'],1.7e-06,1522803864,57.0,1522803864.0,38566352.0,1.69e-06,1.67e-06,1.3485e-08,0.81606,11339769.0,0.75025,898232728634017.2,898232728634017.2,999990000000000.0,3.75e-06,-54.7862,2024-12-03 16:16:20+00:00,8.00816e-07,111.8082,2024-08-05 05:31:33+00:00,2026-09-08T10:40:20.000Z,High
59,59,Usdd,USDD,USDD,['https://coin-images.coingecko.com/coins/images/25380/large/UUSD.jpg?1696524513'],0.999241,1461739283,59.0,1462296308.0,3343652.0,0.999734,0.998828,-0.0001851687828292,-0.01446,-3149382.242470026,-0.21499,1463449532.0,1463286002.0,1000000000.0,1.24,-19.5593,2026-07-09 09:35:10+00:00,0.928067,7.66904,2022-06-19 08:15:11+00:00,2026-09-08T10:40:20.000Z,High
60,60,Bitget-Token,BGB,Bitget Token,['https://coin-images.coingecko.com/coins/images/11610/large/Bitget_logo.png?1736925727'],2.0,1401300907,60.0,1823555403.0,11492408.0,2.06,1.97,-0.0341517589585902,-1.67871,-23867016.32579637,-1.67468,699992029.6481038,910920874.6481038,2000000000.0,8.45,-76.31067,2024-12-27 03:41:24+00:00,0.0142795,13918.87373,2020-06-24 20:17:05+00:00,2026-09-08T10:40:20.000Z,High
61,61,Usdgo,USDGO,USDGO,['https://coin-images.coingecko.com/coins/images/102172077/large/USDGO_%287%29.png?1771437018'],1.0,1365712555,61.0,1365712555.0,45225987.0,1.0,1.0,7.483e-05,0.01407,-4866479.129148006,-0.35507,1365454412.77,1365454412.77,1000000000.0,1.002,-0.22381,2026-03-11 00:04:22+00:00,0.999259,0.09076,2026-05-13 20:34:00+00:00,2026-09-08T10:40:20.000Z,High
62,62,Falcon-Finance,USDF,Falcon USD,['https://coin-images.coingecko.com/coins/images/54558/large/ff_200_X_200.png?1740741076'],0.996485,1339408870,62.0,1339408870.0,251055.0,1.01,0.982128,-0.0006212613105872,-0.06575,-784254.4534373283,-0.05852,1344097428.497996,1344097428.497996,1000000000.0,1.075,-7.26772,2025-05-08 13:25:42+00:00,0.943422,5.62445,2025-07-08 02:16:34+00:00,2026-09-08T10:40:20.000Z,High
63,63,Bfusd,BFUSD,BFUSD,['https://coin-images.coingecko.com/coins/images/68227/large/bfusd.png?1755132827'],0.999684,1319621338,63.0,1319621338.0,2285726.0,0.999915,0.999539,-7.3769328288398e-05,-0.00784,-59054.600857019424,-0.00447,1320000000.0,1320000000.0,1000000000.0,1.007,-0.71906,2025-10-10 13:40:40+00:00,0.996931,0.27618,2026-07-29 19:14:40+00:00,2026-09-08T10:40:20.000Z,High
64,64,Ethereum-Classic,ETC,Ethereum Classic,['https://coin-images.coingecko.com/coins/images/453/large/ethereum-classic-logo.png?1696501717'],8.24,1301753455,64.0,1301753455.0,66841285.0,8.28,7.74,0.475789,6.03756,74879811.0,6.1033,158100715.330453,158100715.330453,210700000.0,167.09,-95.07056,2021-05-06 10:34:22+00:00,0.615038,1239.16617,2016-07-24 16:00:00+00:00,2026-09-08T10:40:20.000Z,High
65,65,United-Stables,U,United Stables,['https://coin-images.coingecko.com/coins/images/71157/large/united-stables-logo.jpg?1766061640'],0.998996,1291732781,65.0,1291732781.0,150950350.0,0.999388,0.998967,-0.0003363405239729,-0.03318,22081875.0,1.73921,1292999307.8,1292999307.8,1000000000.0,1.008,-0.87151,2026-02-05 13:06:07+00:00,0.968158,3.18521,2025-12-20 16:47:20+00:00,2026-09-08T10:40:20.000Z,High
66,66,Spiko-Amundi-Overnight-Swap-Fund-Eur,EURSAFO,Spiko Amundi Overnight Swap Fund (EUR),['https://coin-images.coingecko.com/coins/images/102172591/large/Fund_eurSAF0.png?1774104814'],1.18,1244105937,66.0,1244105937.0,6277292.0,1.18,1.18,-0.0011194663132332,-0.09517,14117595.0,1.14778,1058697287.79565,1058697287.79565,1000000000.0,1.18,-0.72933,2026-08-21 11:35:00+00:00,1.15,1.82193,2026-07-30 07:40:10+00:00,2026-09-08T10:40:20.000Z,High
67,67,Bitway,BTW,Bitway,['https://coin-images.coingecko.com/coins/images/71205/large/BTW_Token_200x200.png?1786291907'],0.448882,1215810674,67.0,4489463804.0,11317387.0,0.46165,0.442789,-0.0090682794763168,-1.85183,-24384184.69848204,-1.96616,2708142280.000001,10000000000.0,10000000000.0,0.745279,-39.76992,2026-08-19 09:36:00+00:00,0.00911805,4823.00614,2026-03-03 06:55:24+00:00,2026-09-08T10:40:20.000Z,High
68,68,Lighter,LIT,Lighter,['https://coin-images.coingecko.com/coins/images/71121/large/lighter.png?1765888098'],4.76,1188816341,68.0,4755265363.0,125311236.0,4.86,4.38,0.273649,6.06336,68445913.0,6.10922,250000000.0,1000000000.0,1000000000.0,7.86,-39.50061,2025-12-30 01:05:21+00:00,0.779399,510.10254,2026-03-31 09:55:00+00:00,2026-09-08T10:40:20.000Z,High
69,69,Arbitrum,ARB,Arbitrum,['https://coin-images.coingecko.com/coins/images/16547/large/arb.jpg?1721358242'],0.173301,1157531392,69.0,1733330684.0,354266269.0,0.176806,0.160843,0.0082847,4.98084,55541749.0,5.04013,6678075931.0,10000000000.0,10000000000.0,2.39,-92.74978,2024-01-12 04:29:59+00:00,0.07048,145.88672,2026-06-26 13:20:40+00:00,2026-09-08T10:40:20.000Z,High
70,70,Pi-Network,PI,Pi Network,['https://coin-images.coingecko.com/coins/images/54342/large/pi_network.jpg?1739347576'],0.096422,1074430696,70.0,1652970302.0,4206685.0,0.09633,0.093662,0.00261192,2.57276,29230730.0,2.79666,11141680597.248924,17141047072.69065,100000000000.0,2.99,-96.77261,2025-02-26 08:41:03+00:00,0.070586,36.60176,2026-07-14 02:37:30+00:00,2026-09-08T10:40:20.000Z,High
71,71,Polygon-Ecosystem-Token,POL,POL (ex-MATIC),['https://coin-images.coingecko.com/coins/images/32440/large/pol.png?1759114181'],0.096728,1036539762,71.0,1036539762.0,46440485.0,0.097744,0.094596,-0.0006211902574698,-0.59852,-6077536.524920702,-0.58291,10710616938.28008,10710616938.28008,1000000000.0,1.29,-92.48747,2024-03-13 10:55:06+00:00,0.067711,42.85465,2026-07-01 01:13:30+00:00,2026-09-08T10:40:20.000Z,High
72,72,Gatechain-Token,GT,Gate,['https://coin-images.coingecko.com/coins/images/8183/large/200X200.png?1735246724'],9.11,971775207,72.0,1083437258.0,2094792.0,9.45,8.92,0.189408,1.64556,20232503.0,2.12628,106620724.17071892,118872055.05835132,142622844.0,25.38,-64.09201,2025-01-25 16:00:00+00:00,0.25754,3438.88614,2020-03-12 18:18:02+00:00,2026-09-08T10:40:20.000Z,High
73,73,Quant-Network,QNT,Quant,['https://coin-images.coingecko.com/coins/images/3370/large/5ZOu7brX_400x400.jpg?1696504070'],66.69,970253702,73.0,974811174.0,16003676.0,67.58,65.11,1.28,1.94643,18863367.0,1.98272,14544176.164081177,14612493.0,14612493.0,427.42,-84.39634,2021-09-11 01:15:00+00:00,0.215773,30809.0645,2018-08-22 16:00:00+00:00,2026-09-08T10:40:20.000Z,High
74,74,Blockchain-Capital,BCAP,Blockchain Capital,['https://coin-images.coingecko.com/coins/images/56040/large/bcap_logo_200.png?1748088291'],106.22,967888430,74.0,967888430.0,6277292.0,106.22,106.22,0.0,0.0,0.0,0.0,9112111.0,9112111.0,1000000000.0,106.25,-0.02824,2026-08-24 22:25:00+00:00,17.76,498.08559,2025-06-02 12:50:02+00:00,2026-09-08T10:40:20.000Z,High
75,75,Kaspa,KAS,Kaspa,['https://coin-images.coingecko.com/coins/images/25751/large/kaspa-icon-exchanges.png?1696524837'],0.03471484,961394184,75.0,961438993.0,38286392.0,0.03746506,0.03387269,-0.0005577544290632,-1.63598,-15174476.97914207,-1.55386,27686994077.202877,27688323292.2381,28704026601.0,0.207411,-83.26278,2024-07-31 16:40:47+00:00,0.00017105,20195.18705,2022-05-26 06:42:59+00:00,2026-09-08T10:40:20.000Z,High
76,76,Kucoin-Shares,KCS,KuCoin,['https://coin-images.coingecko.com/coins/images/1047/large/sa9z79.png?1696502152'],7.0,960608016,76.0,995627078.0,2625515.0,7.09,6.98,-0.0772172202611658,-1.11246,-10559245.62813437,-1.08727,137155021.2773955,142155021.2773955,1000000000.0,28.83,-75.70722,2021-12-01 07:09:35+00:00,0.342863,1942.67625,2019-02-06 16:00:00+00:00,2026-09-08T10:40:20.000Z,High
77,77,Eutbl,EUTBL,Spiko EU T-Bills Money Market Fund,['https://coin-images.coingecko.com/coins/images/39657/large/EUTBL.png?1723517425'],1.23,899561756,77.0,899561756.0,6277292.0,1.23,1.23,-0.0013095546108505,-0.10646,16296642.0,1.84505,732054784.70682,732054784.70682,1000000000.0,1.26,-2.55348,2026-01-27 13:00:08+00:00,1.011,21.55234,2024-08-15 01:45:23+00:00,2026-09-08T10:40:20.000Z,High
78,78,Cosmos,ATOM,Cosmos Hub,['https://coin-images.coingecko.com/coins/images/1481/large/cosmos_hub.png?1696502525'],1.68,888824336,78.0,888830370.0,43583598.0,1.69,1.61,0.056906,3.55827,30326836.0,3.53255,529532103.659342,529538783.578577,1000000000.0,43.84,-96.17129,2021-09-19 16:00:00+00:00,1.16,44.70886,2020-03-12 18:27:44+00:00,2026-09-08T10:40:20.000Z,High
79,79,Algorand,ALGO,Algorand,['https://coin-images.coingecko.com/coins/images/4380/large/download.png?1696504978'],0.097956,885656703,79.0,885670861.0,42139333.0,0.099744,0.094654,0.00344403,3.65334,31333365.0,3.66762,9039379355.062675,9039534271.278168,10000000000.0,3.56,-97.24932,2019-06-20 06:51:19+00:00,0.075732,29.34567,2026-07-29 20:10:10+00:00,2026-09-08T10:40:20.000Z,High
80,80,Venice-Token,VVV,Venice Token,['https://coin-images.coingecko.com/coins/images/54023/large/VVV_Token_Transparent.png?1741856877'],18.17,868960965,80.0,1471426243.0,30650434.0,19.05,17.05,1.17,6.85519,56636316.0,6.97213,47808158.44340144,80964949.99009372,1000000000.0,22.58,-19.53996,2025-01-27 16:06:36+00:00,0.91975,1875.73829,2025-12-01 10:55:48+00:00,2026-09-08T10:40:20.000Z,High
81,81,Just,JST,JUST,['https://coin-images.coingecko.com/coins/images/11095/large/JUST.jpg?1696511035'],0.103824,850240651,81.0,850240651.0,40399842.0,0.1091,0.102233,-0.0052947249405418,-4.86492,-43303597.04109359,-4.84627,8188743036.341737,8188743036.341737,9900000000.0,0.193254,-46.27599,2021-04-04 20:34:23+00:00,0.00476275,2079.91586,2020-05-08 22:08:54+00:00,2026-09-08T10:40:20.000Z,High
82,82,Nexo,NEXO,NEXO,['https://coin-images.coingecko.com/coins/images/3695/large/CG-nexo-token-200x200_2x.png?1730414360'],0.826099,826139447,82.0,826139447.0,3185099.0,0.837777,0.821823,0.0025323,0.53191,2573130.0,0.31244,1000000000.0,1000000000.0,1000000000.0,4.07,-79.69261,2021-05-12 06:37:47+00:00,0.04515276,1729.56388,2018-09-12 16:00:00+00:00,2026-09-08T10:40:20.000Z,High
83,83,Jupiter-Exchange-Solana,JUP,Jupiter,['https://coin-images.coingecko.com/coins/images/34188/large/jup.png?1704266489'],0.24401,810232531,83.0,1674590634.0,70616794.0,0.260371,0.241368,-0.0132236827037468,-5.11707,-43863914.70377743,-5.13571,3320312968.08,6862431199.193432,10000000000.0,2.0,-87.79958,2024-01-31 07:02:47+00:00,0.135801,79.68217,2026-02-12 10:35:44+00:00,2026-09-08T10:40:20.000Z,High
84,84,Dash,DASH,Dash,['https://coin-images.coingecko.com/coins/images/19/large/dash-logo.png?1696501423'],62.57,802639340,84.0,802677628.0,176429429.0,68.41,61.7,-6.001900221948247,-8.67175,-77116292.54869962,-8.76565,12829279.30555237,12829759.82602325,18920000.0,1493.59,-95.81065,2017-12-19 16:00:00+00:00,0.213899,29152.97166,2014-02-13 16:00:00+00:00,2026-09-08T10:40:20.000Z,High
85,85,Janus-Henderson-Anemoy-Treasury-Fund,JTRSY,Janus Henderson Anemoy Treasury Fund,['https://coin-images.coingecko.com/coins/images/70445/large/JTRSY.png?1762078582'],1.12,799656136,85.0,799656136.0,6277292.0,1.12,1.12,0.0,0.0,0.999999,0.0,717141157.676881,717141157.676881,1000000000.0,1.12,0.0,2026-09-04 07:25:10+00:00,1.085,2.79229,2025-11-12 20:05:05+00:00,2026-09-08T10:40:20.000Z,High
86,86,Render-Token,RENDER,Render,['https://coin-images.coingecko.com/coins/images/11636/large/rndr.png?1696511529'],1.52,789671787,86.0,812139634.0,51270274.0,1.6,1.51,-0.019732575635728,-1.31685,-10217398.674451828,-1.27735,518772101.28269154,533532274.5626915,644245094.0,13.53,-88.75367,2024-03-17 08:30:24+00:00,0.03665669,4052.46656,2020-06-16 05:22:25+00:00,2026-09-08T10:40:20.000Z,High
87,87,Superstate-Short-Duration-Us-Government-Securities-Fund-Ustb,USTB,Invesco Short Duration US Government Securities Fund,['https://coin-images.coingecko.com/coins/images/35012/large/Invesco_icon_lg.png?1780816895'],11.2,774763191,87.0,774763191.0,6277292.0,11.2,11.2,0.0,0.0,-693820.697480917,-0.08947,69172215.398465,69160197.945647,1000000000.0,11.2,0.0,2026-09-04 13:25:00+00:00,10.29,8.84038,2025-02-26 01:55:09+00:00,2026-09-08T10:40:20.000Z,High
88,88,Stable-2,STABLE,​​Stable,['https://coin-images.coingecko.com/coins/images/69242/large/stable-logotype-framed-square-light.png?1762753913'],0.02896844,756960742,88.0,2896778865.0,9465683.0,0.02958207,0.02859576,0.0002702,0.91588,7877037.0,1.05156,26131119341.0,100000000000.0,100000000000.0,0.04323745,-33.0015,2026-05-14 23:31:00+00:00,0.0092214,214.14375,2025-12-23 21:49:32+00:00,2026-09-08T10:40:20.000Z,High
89,89,Pancakeswap-Token,CAKE,PancakeSwap,['https://coin-images.coingecko.com/coins/images/12632/large/pancakeswap-cake-logo_%281%29.png?1696512440'],2.32,743532464,89.0,770647244.0,137970571.0,2.42,2.2,0.110127,5.16486,35547205.0,5.0209,320181154.65768,331857365.1958355,400000000.0,43.96,-94.72,2021-04-30 02:08:22+00:00,0.194441,1093.85241,2020-11-03 06:29:34+00:00,2026-09-08T10:40:20.000Z,High
90,90,Janus-Henderson-Anemoy-Aaa-Clo-Fund,JAAA,Janus Henderson Anemoy AAA CLO Fund,['https://coin-images.coingecko.com/coins/images/70446/large/jaaa.png?1762078666'],1.048,710966727,90.0,710966727.0,6277292.0,1.048,1.048,0.0,0.0,0.0,0.0,678300455.183658,678300455.183658,1000000000.0,1.048,0.0,2026-09-04 07:25:10+00:00,1.009,3.83086,2025-12-06 06:10:05+00:00,2026-09-08T10:40:20.000Z,High
91,91,Filecoin,FIL,Filecoin,['https://coin-images.coingecko.com/coins/images/12817/large/filecoin.png?1696512609'],0.858771,710155188,91.0,1680490228.0,135725073.0,0.879952,0.815207,0.04069223,4.95856,33629260.0,4.97088,827040655.0,1957083841.0,1000000000.0,236.84,-99.6374,2021-04-01 05:29:41+00:00,0.612413,40.22743,2026-08-18 03:52:30+00:00,2026-09-08T10:40:20.000Z,High
92,92,Gho,GHO,GHO,['https://coin-images.coingecko.com/coins/images/30663/large/gho-token-logo.png?1720517092'],0.998657,698081266,92.0,698081266.0,3724375.0,0.999134,0.99866,-0.0004164002846474,-0.04218,-270981.1724536419,-0.0388,699000000.0,699000000.0,1000000000.0,1.03,-3.02818,2024-02-28 09:15:58+00:00,0.917065,8.89701,2023-10-23 20:41:04+00:00,2026-09-08T10:40:20.000Z,High
93,93,Vechain,VET,VeChain,['https://coin-images.coingecko.com/coins/images/1167/large/VET.png?1742383283'],0.00782768,672610487,93.0,672610487.0,10719330.0,0.00772207,0.00704906,0.00071868,10.32124,61343135.0,10.0354,85985041177.0,85985041177.0,86712634466.0,0.280991,-97.21426,2021-04-18 17:08:21+00:00,0.00191713,308.30113,2020-03-12 18:29:59+00:00,2026-09-08T10:40:20.000Z,High
94,94,Aerodrome-Finance,AERO,Aerodrome Finance,['https://coin-images.coingecko.com/coins/images/31745/large/token.png?1696530564'],0.637769,629252426,94.0,1258774734.0,177127377.0,0.672887,0.534849,0.098003,18.1982,96661802.0,18.14936,986630964.594061,1973685089.485853,1000000000.0,2.32,-72.47359,2024-12-07 06:00:38+00:00,1.861e-05,3426931.55379,2023-10-16 17:23:50+00:00,2026-09-08T10:40:20.000Z,High
95,95,Injective-Protocol,INJ,Injective,['https://coin-images.coingecko.com/coins/images/12882/large/Other_200x200.png?1738782212'],6.26,626047069,95.0,626047069.0,233690372.0,6.69,5.6,0.590942,10.30139,59384173.0,10.47963,100000000.0,100000000.0,1000000000.0,52.62,-88.10815,2024-03-14 07:06:22+00:00,0.657401,851.86541,2020-11-03 08:19:30+00:00,2026-09-08T10:40:20.000Z,High
96,96,Official-Trump,TRUMP,Official Trump,['https://coin-images.coingecko.com/coins/images/53746/large/trump.png?1737171561'],2.27,620261118,96.0,2270878150.0,191739569.0,2.33,2.24,-0.0067944472297214,-0.31981,-1822948.1548265216,-0.29304,273137120.287634,1000000000.0,1000000000.0,73.43,-96.9076,2025-01-19 03:50:34+00:00,1.37,65.72103,2026-08-13 18:40:30+00:00,2026-09-08T10:40:20.000Z,High
97,97,Beldex,BDX,Beldex,['https://coin-images.coingecko.com/coins/images/5111/large/Beldex.png?1696505631'],0.077681,611429272,97.0,772155904.0,10995604.0,0.079171,0.077528,-0.0008779344083657,-1.1299,-6868759.3841023445,-1.11091,7870569183.748493,9939509407.987087,1000000000.0,0.450785,-82.76772,2018-12-16 16:00:00+00:00,0.00027519,28128.40693,2019-11-01 03:05:12+00:00,2026-09-08T10:40:20.000Z,High
98,98,Xdce-Crowd-Sale,XDC,XDC Network,['https://coin-images.coingecko.com/coins/images/2912/large/xdc-icon.png?1696503661'],0.02899157,578298912,98.0,1103609007.0,7363918.0,0.02977162,0.0288018,-0.0006560697543222,-2.23913,-13073351.050262928,-2.21068,19946688440.0,38065686425.1,1000000000.0,0.192754,-84.9593,2021-08-20 20:39:48+00:00,0.00039532,7233.73155,2019-07-21 16:00:00+00:00,2026-09-08T10:40:20.000Z,High
99,99,Ether-Fi,ETHFI,Ether.fi,['https://coin-images.coingecko.com/coins/images/35958/large/etherfi.jpeg?1710254562'],0.592106,571936468,99.0,571936468.0,56178050.0,0.604093,0.571131,0.00742164,1.24168,7511042.0,1.33074,965350000.0,965350000.0,1000000000.0,8.53,-93.05765,2024-03-27 15:14:46+00:00,0.26653,122.15376,2026-06-05 19:19:15+00:00,2026-09-08T10:40:20.000Z,High
100,100,Flare-Networks,FLR,Flare,['https://coin-images.coingecko.com/coins/images/28624/large/FLR-icon200x200.png?1696527609'],0.00653346,567133786,100.0,695693299.0,3036280.0,0.00671946,0.00649398,-8.9631482053158e-05,-1.36648,-7897198.526437521,-1.37335,86826412304.23863,106508470568.4086,1000000000.0,0.150073,-95.64647,2023-01-09 19:14:05+00:00,0.00586043,11.48445,2026-08-19 10:09:30+00:00,2026-09-08T10:40:20.000Z,High
101,101,Curve-Dao-Token,CRV,Curve DAO,['https://coin-images.coingecko.com/coins/images/12124/large/Curve.png?1696511967'],0.364129,566333605,101.0,879988504.0,52876475.0,0.387305,0.358918,-0.0151521867520191,-4.0172,-23342540.84229493,-3.95854,1555206467.0,2416536182.604948,3030303031.0,15.37,-97.63124,2020-08-13 16:00:00+00:00,0.170749,113.25351,2026-06-06 05:03:15+00:00,2026-09-08T10:40:20.000Z,High
102,102,Aptos,APT,Aptos,['https://coin-images.coingecko.com/coins/images/26455/large/Aptos-Network-Profile-Picture_%281%29.png?1788259511'],0.658195,565771454,102.0,796225426.0,87718813.0,0.670546,0.625868,0.02987539,4.60145,26304150.0,4.87595,858636224.1664333,1208386172.612352,2100000000.0,19.92,-96.69592,2023-01-26 06:25:17+00:00,0.511162,28.76437,2026-08-30 23:47:30+00:00,2026-09-08T10:40:20.000Z,High
103,103,Usual-Usd,USD0,Usual USD,['https://coin-images.coingecko.com/coins/images/38272/large/USD0LOGO.png?1716962811'],0.998053,547884231,103.0,547884231.0,3468318.0,0.999024,0.997127,-0.0008896176758899,-0.0898,-528934.1795324087,-0.09645,548938444.7652892,548938444.7652892,1000000000.0,1.33,-24.71498,2024-07-12 00:28:59+00:00,0.962885,3.65238,2025-04-10 00:30:51+00:00,2026-09-08T10:40:20.000Z,High
104,104,Pudgy-Penguins,PENGU,Pudgy Penguins,['https://coin-images.coingecko.com/coins/images/52622/large/PUDGY_PENGUINS_PENGU_PFP.png?1733809110'],0.00831953,523536703,105.0,638990937.0,215435377.0,0.00892116,0.0082174,-0.0003906582839706,-4.42403,-23989298.74199021,-4.3814,62860396090.0,76722841357.4117,88888888888.0,0.068447,-87.84524,2024-12-17 05:05:22+00:00,0.00371517,123.93418,2025-04-08 17:31:57+00:00,2026-09-08T10:40:20.000Z,High
105,105,Ylds,YLDS,YLDS,['https://coin-images.coingecko.com/coins/images/66486/large/YLDS.png?1772560579'],0.999709,523413570,104.0,523413570.0,3933955.0,0.999933,0.999677,-0.0001662701683511,-0.01706,-73143.98144179583,-0.01397,523552099.63,523552099.63,1000000000.0,1.001,-0.16433,2026-05-28 18:14:00+00:00,0.998383,0.13283,2026-06-30 03:40:10+00:00,2026-09-08T10:40:20.000Z,High
106,106,Pons,PONS,Pons,['https://coin-images.coingecko.com/coins/images/102174571/large/jhitvkisdq8fhxvimdkpcw7y3dx5.?1784093932'],0.724756,515039822,106.0,505714958.0,155450957.0,0.817571,0.67,-0.0903423423029829,-11.21216,-65395914.9918161,-11.26669,712104762.0614183,712104762.0614183,1000000000.0,0.971034,-25.36237,2026-09-05 17:13:10+00:00,0.00331678,21751.20751,2026-07-17 00:36:50+00:00,2026-09-08T10:40:20.000Z,High
107,107,Bianrensheng,币安人生,币安人生 (BinanceLife),['https://coin-images.coingecko.com/coins/images/69848/large/%E5%B8%81%E5%AE%89%E4%BA%BA%E7%94%9F.png?1759839225'],0.511548,511690774,107.0,511690774.0,3791483.0,0.52921,0.505712,-0.0095007477377733,-1.96693,-9358231.614874542,-1.79604,1000000000.0,1000000000.0,1000000000.0,0.894202,-42.79278,2026-06-07 10:24:00+00:00,0.03826008,1237.02874,2026-03-29 00:34:00+00:00,2026-09-08T10:40:20.000Z,High
108,108,Blockstack,STX,Stacks,['https://coin-images.coingecko.com/coins/images/2069/large/Stacks_Logo_png.png?1709979332'],0.269486,503034896,108.0,503051680.0,21280890.0,0.291783,0.265388,-0.0029523764733144,-1.19464,-4939621.489961743,-0.97242,1864700733.988339,1864810467.988339,1000000000.0,3.86,-93.02631,2024-04-01 04:34:58+00:00,0.04559639,491.0243,2020-03-12 18:29:26+00:00,2026-09-08T10:40:20.000Z,High
109,109,Spx6900,SPX,SPX6900,['https://coin-images.coingecko.com/coins/images/31401/large/centeredcoin_%281%29.png?1737048493'],0.535817,498830329,109.0,498830329.0,7790890.0,0.562245,0.526783,-0.0168558358205963,-3.11562,-15701371.079078138,-3.05158,930987335.2481942,930987335.2481942,1000000000.0,2.27,-76.40259,2025-07-28 03:24:33+00:00,0.00131808,40551.26238,2024-02-04 11:12:19+00:00,2026-09-08T10:40:20.000Z,High
110,110,True-Usd,TUSD,TrueUSD,['https://coin-images.coingecko.com/coins/images/3449/large/tusd.png?1696504140'],0.999269,494169121,110.0,494169121.0,7523436.0,0.999683,0.998975,0.00011847,0.01041,73946.0,0.01497,494515083.0,494515083.0,1000000000.0,1.62,-38.26002,2018-08-26 12:41:09+00:00,0.88355,13.09711,2020-03-12 02:47:51+00:00,2026-09-08T10:40:20.000Z,High
111,111,Usdtb,USDTB,USDtb,['https://coin-images.coingecko.com/coins/images/52804/large/76357aa8-4ef7-446c-bad3-a3f944eeec7a.jpeg?1758277468'],0.999937,483146715,111.0,483146715.0,957869.0,1.0,0.999632,5.757e-05,0.00529,693177.0,0.14368,483163071.4061826,483163071.4061826,1000000000.0,1.057,-5.39996,2025-09-20 05:20:33+00:00,0.900502,11.04224,2025-07-17 00:05:52+00:00,2026-09-08T10:40:20.000Z,High
112,112,Virtual-Protocol,VIRTUAL,Virtuals Protocol,['https://coin-images.coingecko.com/coins/images/34057/large/LOGOMARK.png?1708356054'],0.724952,477430786,112.0,725153482.0,82163692.0,0.758916,0.709874,-0.002566996524335,-0.4174,-1557310.2508972287,-0.32513,658385841.8252224,1000000000.0,1000000000.0,5.07,-85.68705,2025-01-01 22:15:38+00:00,0.00748604,9584.05594,2024-01-23 12:55:21+00:00,2026-09-08T10:40:20.000Z,High
113,113,Euro-Coin,EURC,EURC,['https://coin-images.coingecko.com/coins/images/26045/large/EURC.png?1769615705'],1.16,465903915,113.0,465922051.0,26702077.0,1.16,1.16,-0.0015045608369261,-0.12766,2883312.0,0.62272,401410182.4498175,401469359.5798175,1000000000.0,1.35,-14.15242,2023-03-14 01:50:50+00:00,0.052848,2096.23142,2022-12-08 19:16:34+00:00,2026-09-08T10:40:20.000Z,High
114,114,A7A5,A7A5,A7A5,['https://coin-images.coingecko.com/coins/images/66657/large/A7A5_200.png?1750163839'],0.0114776,450306735,114.0,450306735.0,4151.54,0.01163972,0.01146796,-0.0001403064152978,-1.20813,-5484337.300195038,-1.20326,39232397967.98073,39232397967.98073,1000000000.0,0.229635,-95.0018,2025-08-14 15:03:39+00:00,1.048e-05,109444.24643,2025-08-21 09:38:27+00:00,2026-09-08T10:40:20.000Z,High
115,115,Fetch-Ai,FET,Artificial Superintelligence Alliance,['https://coin-images.coingecko.com/coins/images/5681/large/ASI.png?1719827289'],0.183924,425189107,115.0,499274339.0,130673082.0,0.18987,0.175598,0.00764223,4.44881,17689786.0,4.34106,2311608371.908746,2714384546.672,2714384546.672,3.45,-94.67526,2024-03-28 09:21:18+00:00,0.00816959,2151.32949,2020-03-12 18:24:18+00:00,2026-09-08T10:40:20.000Z,High
116,116,Pyth-Network,PYTH,Pyth Network,['https://coin-images.coingecko.com/coins/images/31924/large/pyth.png?1701245725'],0.0539,424534256,116.0,539093777.0,38707999.0,0.056703,0.053312,-0.0017805746372161,-3.21693,-13944620.468085883,-3.18023,7874961172.349078,10000000000.0,10000000000.0,1.2,-95.49473,2024-03-15 23:01:15+00:00,0.02953453,82.49675,2026-06-06 05:03:00+00:00,2026-09-08T10:40:20.000Z,High
117,117,Akedo,AKE,Akedo,['https://coin-images.coingecko.com/coins/images/68410/large/akedo.png?1755678461'],0.01854132,422816698,117.0,1854764261.0,42979911.0,0.01970895,0.01558655,0.00138751,7.87626,31774176.0,8.1255,22796250000.0,100000000000.0,100000000000.0,0.0363756,-49.02813,2026-09-02 21:45:20+00:00,0.00017407,10551.41193,2026-07-10 12:36:10+00:00,2026-09-08T10:40:20.000Z,High
118,118,Hash-2,HASH,Provenance Blockchain,['https://coin-images.coingecko.com/coins/images/66154/large/Hastra_Icon.png?1748497203'],0.00731369,421670783,118.0,694650889.0,2567.52,0.00814679,0.00698983,0.00027306,3.93906,16009314.0,3.94647,57654353761.0,94978475357.64638,100000000000.0,0.060147,-87.8403,2025-09-14 08:52:41+00:00,0.00504616,44.93574,2026-08-14 03:44:40+00:00,2026-09-08T10:40:20.000Z,High
119,119,Celestia,TIA,Celestia,['https://coin-images.coingecko.com/coins/images/31967/large/tia.jpg?1696530772'],0.422817,408514034,119.0,497690543.0,53669269.0,0.440729,0.416517,-0.0111501686679038,-2.48987,-10466913.400417447,-2.49818,965883671.979585,1176731101.765471,1000000000.0,20.85,-97.97222,2024-02-10 06:30:02+00:00,0.279235,51.41952,2026-06-06 05:03:00+00:00,2026-09-08T10:40:20.000Z,High
120,120,Layerzero,ZRO,LayerZero,['https://coin-images.coingecko.com/coins/images/28206/large/ftxG9_TJ_400x400.jpeg?1696527208'],1.13,399445497,120.0,1130570141.0,40938789.0,1.18,1.11,-0.0213053600728851,-1.86781,-7469718.014408052,-1.83569,353313325.89,1000000000.0,1000000000.0,7.47,-84.87659,2024-12-06 06:15:52+00:00,0.707123,59.86004,2026-07-31 09:25:50+00:00,2026-09-08T10:40:20.000Z,High
121,121,Falcon-Finance-Ff,FF,Falcon Finance,['https://coin-images.coingecko.com/coins/images/69121/large/ff.png?1757573403'],0.125959,394288060,121.0,1255694458.0,9380653.0,0.123152,0.118406,0.00630868,5.08659,18586106.0,4.94703,3140000000.0,10000000000.0,10000000000.0,0.770814,-83.65898,2025-09-29 05:02:33+00:00,0.057089,120.63512,2026-07-11 06:59:00+00:00,2026-09-08T10:40:20.000Z,High
122,122,Midnight-3,NIGHT,Midnight,['https://coin-images.coingecko.com/coins/images/71015/large/midnight.png?1765193080'],0.02361547,392233649,122.0,566832130.0,5595196.0,0.0239942,0.02261406,0.00031714,1.31094,5308990.0,1.3721,16607399400.634954,24000000000.0,24000000000.0,0.118529,-80.07621,2025-12-09 01:29:38+00:00,0.0152398,54.95922,2026-07-20 20:40:30+00:00,2026-09-08T10:40:20.000Z,High
123,123,Pendle,PENDLE,Pendle,['https://coin-images.coingecko.com/coins/images/15069/large/Pendle_Logo_Normal-03.png?1696514728'],2.23,386548691,123.0,629296802.0,82275825.0,2.27,2.07,0.160077,7.78273,28993484.0,8.10881,172929635.54937434,281527448.4585314,1000000000.0,7.5,-70.21478,2024-04-11 00:25:36+00:00,0.03377729,6516.65297,2022-11-14 12:15:58+00:00,2026-09-08T10:40:20.000Z,High
124,124,Ousg,OUSG,Ondo Short-Term U.S. Government Bond Fund,['https://coin-images.coingecko.com/coins/images/29023/large/OUSG.png?1696527993'],116.46,345848079,124.0,345848079.0,6277292.0,116.46,116.46,1.4211e-14,0.0,9076462.0,2.69514,2969751.104298143,2969751.104298143,1000000000.0,116.46,0.0,2026-09-04 22:15:00+00:00,95.09,22.46945,2023-03-22 12:00:17+00:00,2026-09-08T10:40:20.000Z,High
125,125,Bitcoin-Cash-Sv,BSV,Bitcoin SV,['https://coin-images.coingecko.com/coins/images/6799/large/BSV.png?1696507128'],16.94,340189652,126.0,340194363.0,6460698.0,17.16,16.72,0.04256783,0.22162,875740.0,0.25809,20080471.875,20080759.375,21000000.0,489.75,-96.54099,2021-04-16 09:09:04+00:00,10.49,61.56448,2026-06-25 13:59:20+00:00,2026-09-08T10:40:20.000Z,High
126,126,Pieverse,PIEVERSE,Pieverse,['https://coin-images.coingecko.com/coins/images/68773/large/pieverse.png?1756546685'],1.24,339868607,125.0,1237010397.0,46706411.0,1.34,1.12,0.132264,12.21142,35932525.0,11.8224,274750000.0,1000000000.0,1000000000.0,1.67,-25.67415,2026-04-20 05:40:00+00:00,0.119363,937.58306,2025-11-14 13:01:21+00:00,2026-09-08T10:40:20.000Z,High
127,127,Kinesis-Gold,KAU,Kinesis Gold,['https://coin-images.coingecko.com/coins/images/29788/large/kau-currency-ticker.png?1696528718'],141.87,338539697,127.0,565789858.0,157127.0,143.48,141.46,-0.0579581310879859,-0.0413,-128470.34142947196,-0.03793,2386227.8342,2386227.8342,1000000000.0,206.98,-31.45742,2026-03-01 12:42:08+00:00,44.06,222.02018,2023-04-21 13:02:50+00:00,2026-09-08T10:40:20.000Z,High
128,128,Sei-Network,SEI,Sei,['https://coin-images.coingecko.com/coins/images/28205/large/Sei_Logo_-_Transparent.png?1696527207'],0.0497693,335171900,128.0,497780050.0,45248050.0,0.050886,0.04810187,0.00074262,1.57744,5058924.0,1.53248,6733333333.0,10000000000.0,1000000000.0,1.14,-95.63319,2024-03-15 18:30:23+00:00,0.03828368,30.00136,2026-08-18 03:10:20+00:00,2026-09-08T10:40:20.000Z,High
129,129,First-Digital-Usd,FDUSD,First Digital USD,['https://coin-images.coingecko.com/coins/images/31079/large/FDUSD_icon_black.png?1731097953'],0.998508,333197876,129.0,333197876.0,114818042.0,0.999042,0.998366,-0.0003506264621404,-0.02832,-89048.47684299946,-0.02672,333667597.850586,333667597.850586,1000000000.0,1.15,-13.27365,2025-02-02 18:30:49+00:00,0.940377,6.18173,2024-12-05 14:30:51+00:00,2026-09-08T10:40:20.000Z,High
130,130,Lido-Dao,LDO,Lido DAO,['https://coin-images.coingecko.com/coins/images/13573/large/Lido_DAO.png?1696513326'],0.393361,328138442,130.0,393379994.0,46402662.0,0.414749,0.387362,-0.0168007176885013,-4.15926,-13998242.704746723,-4.09142,834151322.8543006,1000000000.0,1000000000.0,7.3,-94.61362,2021-08-20 00:35:20+00:00,0.235028,67.36775,2026-06-25 13:59:50+00:00,2026-09-08T10:40:20.000Z,High
131,131,Sofiusd,SOFID,SoFiUSD,['https://coin-images.coingecko.com/coins/images/71688/large/CRY25-3266080_StableCoinLogo.png?1768922282'],0.999565,326612314,131.0,326612314.0,3175404.0,0.999885,0.999365,-2.4959792718993e-05,-0.00294,2150107.0,0.66267,326745309.6,326745309.6,1000000000.0,1.002,-0.20934,2026-08-07 03:23:20+00:00,0.991073,0.85688,2026-08-04 13:24:30+00:00,2026-09-08T10:40:20.000Z,High
132,132,Sun-Token,SUN,Sun Token,['https://coin-images.coingecko.com/coins/images/12424/large/RSFOmQ.png?1696512245'],0.01693782,325583380,132.0,337076558.0,15467247.0,0.01693627,0.01667506,0.00010349,0.58895,1990684.0,0.61518,19222181989.37517,19900730000.0,19900730000.0,66.45,-99.97451,2020-09-10 19:18:35+00:00,0.00462303,266.37956,2022-11-13 20:45:13+00:00,2026-09-08T10:40:20.000Z,High
133,133,Unibase,UB,Unibase,['https://coin-images.coingecko.com/coins/images/69108/large/unibase.png?1757501820'],0.127675,319330444,133.0,1277321774.0,9047016.0,0.139712,0.126979,-0.0109423026920751,-7.89946,-27213116.4715668,-7.85273,2500000000.0,10000000000.0,10000000000.0,0.243557,-47.57887,2026-05-15 22:11:00+00:00,0.01029884,1139.70444,2025-09-12 00:06:18+00:00,2026-09-08T10:40:20.000Z,High
134,134,Apxusd,APXUSD,apxUSD,['https://coin-images.coingecko.com/coins/images/102172243/large/apxUSD.png?1772448502'],0.967319,319102622,134.0,319102622.0,905935.0,0.968543,0.96658,-0.0005255939707409,-0.05492,-169126.67427027223,-0.05297,329874612.1512208,329874612.1512208,1000000000.0,1.012,-4.39388,2026-03-12 16:27:03+00:00,0.717601,34.79894,2026-06-26 09:41:20+00:00,2026-09-08T10:40:20.000Z,High
135,135,Gnosis,GNO,Gnosis,['https://coin-images.coingecko.com/coins/images/662/large/logo_square_simple_300px.png?1696501854'],117.64,310545212,135.0,352947234.0,1663301.0,122.93,115.88,0.603916,0.47729,1613948.0,0.52243,2639589.0,3000000.0,3000000.0,644.2,-81.7384,2021-11-08 09:33:29+00:00,6.88,1608.88958,2020-03-12 18:24:11+00:00,2026-09-08T10:40:20.000Z,High
136,136,Olympus,OHM,Olympus,['https://coin-images.coingecko.com/coins/images/14483/large/token_OHM_%281%29.png?1696514169'],20.61,307613061,136.0,408576542.0,177272.0,20.6,20.28,0.255154,1.25229,3789819.0,1.24738,14925548.113774505,19824349.47476648,1000000000.0,1415.26,-98.54378,2021-04-24 16:00:00+00:00,7.54,173.20234,2022-11-26 08:36:26+00:00,2026-09-08T10:40:20.000Z,High
137,137,Monad,MON,Monad,['https://coin-images.coingecko.com/coins/images/38927/large/mon.png?1766029057'],0.02566269,303821784,137.0,2586827825.0,153024029.0,0.0280825,0.02535631,-0.0006483682159234,-2.48369,-7310801.764761627,-2.34974,11825165000.0,100682925000.0,1000000000.0,0.04882901,-47.44376,2025-11-26 04:21:37+00:00,0.01636691,56.79613,2026-02-05 16:35:18+00:00,2026-09-08T10:40:20.000Z,High
138,138,Onyc,ONYC,OnRe Tokenized Reinsurance,['https://coin-images.coingecko.com/coins/images/67072/large/3D_ONYC.png?1779524172'],1.14,302742110,138.0,302742110.0,3325304.0,1.14,1.14,-6.6116446605591e-05,-0.00622,3465360.0,1.15791,264872550.2720381,264872550.2720381,1000000000.0,1.17,-2.00658,2026-07-25 16:25:40+00:00,1.005,13.72546,2025-07-24 06:15:46+00:00,2026-09-08T10:40:20.000Z,High
139,139,Bittorrent,BTT,BitTorrent,['https://coin-images.coingecko.com/coins/images/22457/large/btt_logo.png?1696521780'],3.03577e-07,299659972,139.0,300559256.0,6858027.0,3.06842e-07,3.013e-07,3.78729e-10,0.07941,391415.0,0.13079,987037885840674.8,990000000000000.0,990000000000000.0,3.43e-06,-91.1528,2022-01-20 20:00:31+00:00,2.55018e-07,19.04135,2026-08-15 13:30:30+00:00,2026-09-08T10:40:20.000Z,High
140,140,Terra-Luna,LUNC,Terra Luna Classic,['https://coin-images.coingecko.com/coins/images/8284/large/01_LunaClassic_color.png?1696508486'],5.396e-05,298602865,140.0,348189748.0,18554847.0,5.708e-05,5.24e-05,2.3e-06,4.44728,12841254.0,4.49369,5531583638196.168,6450174152631.236,1000000000.0,119.18,-99.99995,2022-04-05 04:24:58+00:00,9.99967e-07,5296.6414,2022-05-12 18:34:40+00:00,2026-09-08T10:40:20.000Z,High
141,141,Raydium,RAY,Raydium,['https://coin-images.coingecko.com/coins/images/13928/large/PSigc4ie_400x400.jpg?1696513668'],1.084,292239060,141.0,601741532.0,69457832.0,1.25,1.073,-0.1033906163454478,-8.74892,-27777474.431619048,-8.68001,269538779.59716,555000000.0,555000000.0,16.83,-93.56089,2021-09-12 12:20:23+00:00,0.134391,706.51639,2022-12-29 14:15:53+00:00,2026-09-08T10:40:20.000Z,High
142,142,Decred,DCR,Decred,['https://coin-images.coingecko.com/coins/images/329/large/dcr.png?1762890696'],16.2,285512435,142.0,285528608.0,2621311.0,16.09,15.37,0.163885,1.00736,3469464.0,1.23012,17593547.76449412,17594625.85577498,21000000.0,247.35,-93.4525,2021-04-16 16:41:14+00:00,0.43154,3652.91371,2016-12-25 16:00:00+00:00,2026-09-08T10:40:20.000Z,High
143,143,Usdai,USDAI,USDai,['https://coin-images.coingecko.com/coins/images/55857/large/USDai_Token_Full_Glyph.png?1755229050'],0.999845,284635727,143.0,284665723.0,1272211.0,1.0,0.999737,-0.0004456536655901,-0.04502,486914.0,0.17136,284671676.564734,284701676.047173,1000000000.0,1.19,-15.83068,2025-09-04 08:12:39+00:00,0.769779,29.88729,2025-09-26 12:45:27+00:00,2026-09-08T10:40:20.000Z,High
144,144,Kite-2,KITE,Kite,['https://coin-images.coingecko.com/coins/images/70426/large/KITE-ICON.png?1762328605'],0.11869,283801099,144.0,1186858366.0,9213848.0,0.122946,0.117763,-0.0025591540833874,-2.10538,-6129834.924728453,-2.11424,2391196012.0,10000000000.0,10000000000.0,0.319747,-62.87999,2026-03-06 02:30:09+00:00,0.061819,91.99533,2025-11-04 00:21:02+00:00,2026-09-08T10:40:20.000Z,High
145,145,Bonk,BONK,Bonk,['https://coin-images.coingecko.com/coins/images/28600/large/bonk.jpg?1696527587'],3.14e-06,275887137,145.0,275887137.0,44705607.0,3.23e-06,3.1e-06,-1.0719421455e-08,-0.34583,-987791.4436358212,-0.35676,87994533570343.7,87994533685395.28,87995282867000.55,5.825e-05,-94.6167,2024-11-19 20:01:06+00:00,8.6142e-08,3540.22992,2022-12-29 14:48:46+00:00,2026-09-08T10:40:20.000Z,High
146,146,Plasma,XPL,Plasma,['https://coin-images.coingecko.com/coins/images/66489/large/Plasma-symbol-green-1.png?1755142558'],0.099279,275798970,147.0,992876293.0,73258781.0,0.098221,0.088944,0.01040049,11.38053,28913969.0,11.71151,2777777777.7778,10000000000.0,1000000000.0,1.68,-94.09973,2025-09-27 17:31:40+00:00,0.060147,65.05954,2026-06-10 22:12:40+00:00,2026-09-08T10:40:20.000Z,High
147,147,Syrup,SYRUP,Maple Finance,['https://coin-images.coingecko.com/coins/images/51232/large/_syrup_token_logo.png?1747292046'],0.235482,274858817,146.0,293085583.0,14176288.0,0.238719,0.216633,0.01675251,7.75371,19542098.0,7.65406,1167271959.1810677,1244677492.511099,1000000000.0,0.653229,-63.95111,2025-06-25 06:15:45+00:00,0.085229,176.29242,2025-04-06 23:46:35+00:00,2026-09-08T10:40:20.000Z,High
148,148,Conflux-Token,CFX,Conflux,['https://coin-images.coingecko.com/coins/images/13079/large/3vuYMbjN.png?1696512867'],0.04995172,261666328,148.0,261675213.0,3825384.0,0.050603,0.04888443,0.00028583,0.57099,1533508.0,0.58951,5237744792.76,5237934075.6,1000000000.0,1.7,-97.06313,2021-03-26 19:43:35+00:00,0.02199898,127.06374,2022-12-30 00:16:30+00:00,2026-09-08T10:40:20.000Z,High
149,149,Tezos,XTZ,Tezos,['https://coin-images.coingecko.com/coins/images/976/large/Tezos-logo.png?1696502091'],0.238754,261561598,149.0,266331465.0,10502130.0,0.241633,0.233959,-0.0018248483368268,-0.77598,-1997033.1106917856,-0.75772,1095605676.085423,1115586034.434268,1000000000.0,9.12,-97.38095,2021-10-03 16:41:18+00:00,0.191836,24.4574,2026-08-12 22:02:10+00:00,2026-09-08T10:40:20.000Z,High
150,150,Ethereum-Name-Service,ENS,Ethereum Name Service,['https://coin-images.coingecko.com/coins/images/19785/large/ENS.jpg?1727872989'],6.14,258479654,150.0,614328148.0,18236229.0,6.27,5.96,0.075106,1.25119,3137554.0,1.22876,42075176.731430925,100000000.0,100000000.0,83.4,-92.63368,2021-11-10 18:20:01+00:00,3.77,62.81221,2026-08-18 02:57:10+00:00,2026-09-08T10:40:20.000Z,High
151,151,Agora-Dollar,AUSD,AUSD,['https://coin-images.coingecko.com/coins/images/39284/large/AUSD_1024px.png?1764684132'],0.999779,254494407,151.0,254494407.0,7780480.0,1.0,0.999591,-0.000138696592062,-0.01435,-3827863.829909265,-1.48182,254543262.275786,255313262.275786,1000000000.0,1.022,-2.14042,2024-10-05 13:15:26+00:00,0.950515,5.18286,2024-12-05 14:30:43+00:00,2026-09-08T10:40:20.000Z,High
152,152,Re-Protocol-Reusd,REUSD,Re Protocol reUSD,['https://coin-images.coingecko.com/coins/images/66291/large/Points_Program_Group_91.png?1749676055'],1.1,253434536,152.0,253434536.0,1720978.0,1.1,1.099,0.00020736,0.0184,776498.0,0.30733,230476012.4133657,230476012.4133657,1000000000.0,1.1,-0.32744,2026-08-24 22:10:30+00:00,0.873393,25.89767,2025-07-17 00:04:08+00:00,2026-09-08T10:40:20.000Z,High
153,153,Optimism,OP,Optimism,['https://coin-images.coingecko.com/coins/images/25244/large/Token.png?1774456081'],0.110084,251734436,153.0,472549655.0,77541514.0,0.113431,0.107826,0.00052579,0.31485,1066219.0,0.42535,2287994831.0,4294967296.0,4294967296.0,4.84,-97.72756,2024-03-06 00:35:50+00:00,0.080689,36.43008,2026-08-18 03:31:10+00:00,2026-09-08T10:40:20.000Z,High
154,154,Ape-And-Pepe,APEPE,Ape and Pepe,['https://coin-images.coingecko.com/coins/images/39614/large/APEPE_200.png?1723142351'],1.18e-06,248631305,154.0,248631305.0,11060979.0,1.19e-06,1.17e-06,6.651e-09,0.55649,1403869.0,0.56785,210000000000000.0,210000000000000.0,210000000000000.0,6.89e-06,-82.81202,2024-11-21 18:30:11+00:00,6.54916e-07,80.77503,2025-09-17 05:43:50+00:00,2026-09-08T10:40:20.000Z,High
155,155,Reallink,REAL,RealLink,['https://coin-images.coingecko.com/coins/images/20665/large/TGBfBt6Y2Dm3RHdNpZAdqywBsvfdysf834.jpeg?1749135788'],0.072719,247040500,155.0,247040500.0,670941.0,0.076386,0.073861,-0.0013014457215223,-1.81676,-4305594.310281903,-1.71301,3397401475.0,3397401475.0,1000000000.0,0.99069,-92.65971,2023-01-02 00:58:38+00:00,0.00023002,31514.07727,2023-05-09 06:26:07+00:00,2026-09-08T10:40:20.000Z,High
156,156,Kinesis-Silver,KAG,Kinesis Silver,['https://coin-images.coingecko.com/coins/images/29789/large/kag-currency-ticker.png?1696528719'],66.03,245769168,156.0,242621670.0,353988.0,68.47,66.06,-2.427906708891186,-3.54708,-9029443.957184494,-3.54376,3721963.8196,3777096.9336,1000000000.0,130.0,-49.20754,2026-02-01 23:20:32+00:00,4.36,1413.38495,2024-02-11 06:01:27+00:00,2026-09-08T10:40:20.000Z,High
157,157,Useless-3,USELESS,Useless Coin,['https://coin-images.coingecko.com/coins/images/55684/large/coingeckoupdate.png?1755203747'],0.239501,239050401,157.0,239050401.0,100740463.0,0.265351,0.217693,0.01128449,5.339,10847181.0,4.7533,999940362.02,999940362.02,1000000000.0,0.434591,-44.89042,2025-10-14 06:50:41+00:00,0.00519952,4506.21699,2025-06-05 03:05:59+00:00,2026-09-08T10:40:20.000Z,High
158,158,Artificial-Inu-3,AI,Artificial Inu,['https://coin-images.coingecko.com/coins/images/102176647/large/5ou9sb7h478ezv28urbjpzf1fl3e.?1788401429'],0.240422,238090201,158.0,238090201.0,39552800.0,0.287886,0.177061,0.01469302,6.62252,14301727.0,6.39073,991391114.3787372,991391114.3787372,1000000000.0,0.317679,-24.31918,2026-09-05 15:37:40+00:00,0.00105288,22734.72766,2026-07-20 13:37:00+00:00,2026-09-08T10:40:20.000Z,High
159,159,Usx,USX,USX,['https://coin-images.coingecko.com/coins/images/68429/large/Solstice_Icons_for_DEX_512x512_USX.png?1755718377'],0.99953,237929229,159.0,237929229.0,1106875.0,0.999653,0.999295,0.00015455,0.01478,43172.0,0.01815,238034754.682642,238034754.682642,1000000000.0,1.21,-17.38517,2026-07-14 11:48:30+00:00,0.828472,20.6474,2025-12-25 20:30:55+00:00,2026-09-08T10:40:20.000Z,High
160,160,Bnb48-Club-Token,KOGE,KOGE,['https://coin-images.coingecko.com/coins/images/13827/large/bnb48.png?1696513570'],70.36,237811053,160.0,237811053.0,1443108.0,72.01,67.87,2.45,3.59734,8273976.0,3.60464,3379997.6,3379997.6,3379997.0,141.45,-50.25913,2026-08-17 05:16:20+00:00,1.19,5805.54608,2021-02-01 07:55:03+00:00,2026-09-08T10:40:20.000Z,High
161,161,Trust-Wallet-Token,TWT,Trust Wallet,['https://coin-images.coingecko.com/coins/images/11085/large/Trust.png?1696511026'],0.569914,237780843,161.0,570696988.0,12053438.0,0.591975,0.55463,-0.0224644112126787,-3.86912,-9033544.049866527,-3.66006,416649900.0,1000000000.0,1000000000.0,2.72,-79.05428,2022-12-11 15:25:46+00:00,0.00277641,20427.00114,2020-06-09 01:15:06+00:00,2026-09-08T10:40:20.000Z,High
162,162,Apenft,NFT,AINFT,['https://coin-images.coingecko.com/coins/images/15687/large/AINFT.png?1761099340'],2.33793e-07,231480344,162.0,231480344.0,6618193.0,2.41458e-07,2.30904e-07,-7.753128843e-09,-3.23836,-7676133.603798151,-3.20967,990105592982874.8,990105592982874.8,999990000000000.0,7.53e-06,-96.89519,2021-09-04 16:10:47+00:00,2.30904e-07,1.25131,2026-09-08 01:10:40+00:00,2026-09-08T10:40:20.000Z,High
163,163,Jito-Governance-Token,JTO,Jito,['https://coin-images.coingecko.com/coins/images/33228/large/jto.png?1701137022'],0.44585,231396047,163.0,445887808.0,34095537.0,0.455086,0.429646,-2.9700344719497e-05,-0.00686,168114.0,0.0727,518955761.0,1000000000.0,1000000000.0,6.01,-92.5859,2023-12-07 08:04:48+00:00,0.218137,104.39033,2026-02-05 16:30:39+00:00,2026-09-08T10:40:20.000Z,High
164,164,Grass,GRASS,Grass,['https://coin-images.coingecko.com/coins/images/40094/large/Grass.jpg?1725697048'],0.335309,227015780,164.0,335314941.0,16690892.0,0.349794,0.32851,-0.0017301081286312,-0.60102,-1166962.3340582252,-0.51142,677022560.0,1000000000.0,1000000000.0,3.89,-91.38523,2024-11-08 04:26:05+00:00,0.166785,101.04204,2026-02-05 16:21:51+00:00,2026-09-08T10:40:20.000Z,High
165,165,Crvusd,CRVUSD,crvUSD,['https://coin-images.coingecko.com/coins/images/30118/large/crvusd.jpg?1746670973'],0.999531,226488022,165.0,224421249.0,24472438.0,1.0,0.999247,-0.0004455498833179,-0.03958,-24541640.91338876,-9.77639,226587989.5849806,224520514.8851689,1000000000.0,1.11,-9.64092,2024-06-12 19:27:06+00:00,0.949016,5.32285,2023-08-07 22:24:06+00:00,2026-09-08T10:40:20.000Z,High
166,166,Starknet,STRK,Starknet,['https://coin-images.coingecko.com/coins/images/26433/large/starknet.png?1696525507'],0.03125658,224488957,166.0,312592473.0,27783091.0,0.032052,0.03056928,0.00049395,1.71057,3566480.0,1.61436,7181521515.171522,10000000000.0,10000000000.0,4.41,-99.29182,2024-02-20 04:05:13+00:00,0.02221422,40.70528,2026-08-18 03:13:20+00:00,2026-09-08T10:40:20.000Z,High
167,167,Dogwifcoin,WIF,dogwifhat,['https://coin-images.coingecko.com/coins/images/33566/large/dogwifhat.jpg?1702499428'],0.22036,220124668,167.0,220124668.0,59616431.0,0.225221,0.212116,0.00106307,0.47999,1063097.0,0.4853,998926392.0,998926392.0,998926392.0,4.83,-95.43338,2024-03-31 01:34:58+00:00,0.00155464,14074.36671,2023-12-12 23:13:50+00:00,2026-09-08T10:40:20.000Z,Medium
168,168,Frax,FRAX,Legacy Frax Dollar,['https://coin-images.coingecko.com/coins/images/13422/large/LFRAX.png?1751911193'],0.992358,217649918,168.0,217649918.0,174753.0,0.994211,0.989905,0.00095416,0.09559,215153.0,0.09895,219320045.8726003,219320045.8726003,1000000000.0,1.66,-40.33466,2026-03-30 09:51:00+00:00,0.249813,297.24085,2026-06-24 07:27:10+00:00,2026-09-08T10:40:20.000Z,Medium
169,169,Ribbita-By-Virtuals,TIBBIR,Ribbita by Virtuals,['https://coin-images.coingecko.com/coins/images/54970/large/Untitled_design.png?1742941268'],0.215605,215583075,169.0,215583075.0,4845394.0,0.236783,0.198998,-0.0191785634188298,-8.30472,-19178355.2616134,-8.1693,999904783.434368,999904783.434368,1000000000.0,0.440027,-51.00183,2025-10-28 03:23:32+00:00,0.01032004,1989.18919,2025-04-06 23:41:29+00:00,2026-09-08T10:40:20.000Z,Medium
170,170,Compound-Governance-Token,COMP,Compound,['https://coin-images.coingecko.com/coins/images/10775/large/COMP.png?1696510737'],21.45,214578942,170.0,214578942.0,23787361.0,21.55,20.72,0.411365,1.94265,4159932.0,1.97698,10000000.0,10000000.0,10000000.0,854.45,-97.48923,2021-05-11 16:00:00+00:00,14.86,44.4152,2026-06-25 13:59:30+00:00,2026-09-08T10:40:20.000Z,Medium
171,171,The-Graph,GRT,The Graph,['https://coin-images.coingecko.com/coins/images/13397/large/Graph_Token.png?1696513159'],0.01944296,212762446,171.0,225823687.0,25380254.0,0.01998312,0.01890611,0.00022381,1.09648,2479582.0,1.17916,10941320353.043917,11612995353.0437,1000000000.0,2.84,-99.31575,2021-02-11 23:28:45+00:00,0.01297915,49.80147,2026-08-18 03:16:20+00:00,2026-09-08T10:40:20.000Z,Medium
172,172,Jasmycoin,JASMY,JasmyCoin,['https://coin-images.coingecko.com/coins/images/13876/large/JASMY200x200.jpg?1696513620'],0.00427572,211413740,172.0,213786774.0,9392693.0,0.00443796,0.00418385,-0.0001195815986434,-2.82225,-5911952.675609052,-2.72032,49444999677.59027,50000000000.0,50000000000.0,4.79,-99.91074,2021-02-15 19:53:32+00:00,0.00275026,55.46579,2022-12-29 12:41:09+00:00,2026-09-08T10:40:20.000Z,Medium
173,173,Convex-Finance,CVX,Convex Finance,['https://coin-images.coingecko.com/coins/images/15585/large/convex.png?1696515221'],2.26,210585297,173.0,225939189.0,5622709.0,2.27,2.21,0.01222105,0.50326,1119924.0,0.53466,93194518.49512772,99989385.36142343,100000000.0,60.09,-96.23898,2022-01-01 10:04:03+00:00,1.038,117.76619,2026-07-01 01:13:40+00:00,2026-09-08T10:40:20.000Z,Medium
174,174,Tradable-Na-Rent-Financing-Platform-Sstn,PC0000031,Tradable NA Rent Financing Platform SSTN,['https://coin-images.coingecko.com/coins/images/66150/large/tradable.jpg?1748488921'],1.0,202500000,174.0,202500000.0,6277292.0,1.0,1.0,0.0,0.0,0.0,0.0,202500000.0,202500000.0,400000000.0,189500000.0,-100.0,2025-05-28 19:45:11+00:00,1.0,0.0,2026-07-23 07:25:00+00:00,2026-09-08T10:40:20.000Z,Medium
175,175,Edgex,EDGE,edgeX,['https://coin-images.coingecko.com/coins/images/102172616/large/edgex.png?1774332310'],0.576921,202206627,176.0,577733221.0,7141111.0,0.605341,0.552948,0.02143946,3.85504,7788071.0,4.00583,350000000.0,1000000000.0,1000000000.0,1.54,-62.58768,2026-05-22 00:24:00+00:00,0.23746,142.95542,2026-07-05 09:44:00+00:00,2026-09-08T10:40:20.000Z,Medium
176,176,Grx-Chain,GRX,GRX Chain,['https://coin-images.coingecko.com/coins/images/71011/large/Untitled_design_%283%29.png?1765178472'],21.25,202096820,175.0,212414633.0,4198656.0,21.3,21.11,0.00491816,0.02269,52652.0,0.02606,9512395.0,9998039.0,10000000.0,21.31,-0.30612,2026-07-26 00:23:50+00:00,0.868057,2347.42248,2026-02-14 09:00:45+00:00,2026-09-08T10:40:20.000Z,Medium
177,177,Eigenlayer,EIGEN,EigenCloud (prev. EigenLayer),['https://coin-images.coingecko.com/coins/images/37441/large/eigencloud.jpg?1751003565'],0.218163,200873477,177.0,401524992.0,20073104.0,0.224078,0.211439,0.00605021,2.82595,5608574.0,2.87229,920571741.8530836,1840126261.794892,1000000000.0,5.65,-96.13579,2024-12-16 19:45:30+00:00,0.148314,47.09564,2026-04-05 13:28:00+00:00,2026-09-08T10:40:20.000Z,Medium
178,178,Kaia,KAIA,Kaia,['https://coin-images.coingecko.com/coins/images/39901/large/KAIA.png?1724734368'],0.03122451,200270673,178.0,200271005.0,2314140.0,0.03155672,0.03044549,4.424e-05,0.11475,303298.0,0.15167,6414086110.065357,6414148076.911429,1000000000.0,0.406698,-92.32243,2024-12-02 16:11:32+00:00,0.02166246,44.14108,2026-08-19 01:04:10+00:00,2026-09-08T10:40:20.000Z,Medium
179,179,Iota,IOTA,IOTA,['https://coin-images.coingecko.com/coins/images/692/large/IOTA_Thumbnail_%281%29.png?1743772896'],0.04280797,198304017,179.0,213138731.0,14094737.0,0.04347448,0.04156382,0.00072125,1.69034,3468731.0,1.78034,4630143934.0,4976515442.0,1000000000.0,5.25,-99.18442,2017-12-18 16:00:00+00:00,0.03112513,37.53504,2026-07-31 14:11:00+00:00,2026-09-08T10:40:20.000Z,Medium
180,180,Arweave,AR,Arweave,['https://coin-images.coingecko.com/coins/images/4343/large/oRt6SiEN_400x400.jpg?1696504946'],2.92,191444854,180.0,191444854.0,10502840.0,3.07,2.88,-0.0933522179835675,-3.09171,-6151197.807028264,-3.11302,65652466.0,65652466.0,66000000.0,89.24,-96.73181,2021-11-04 20:14:42+00:00,0.298788,876.07008,2020-01-30 22:47:36+00:00,2026-09-08T10:40:20.000Z,Medium
181,181,Societe-Generale-Forge-Eurcv,EURCV,EUR CoinVertible,['https://coin-images.coingecko.com/coins/images/33415/large/eurcv_%281%29.png?1701752017'],1.16,185899060,181.0,185899060.0,24337117.0,1.16,1.16,-0.0013227727100353,-0.10363,-1538701.5201440454,-0.82091,160151761.02,160151761.02,1000000000.0,1.22,-4.71369,2026-01-26 21:25:46+00:00,0.988513,17.42899,2025-02-04 14:15:33+00:00,2026-09-08T10:40:20.000Z,Medium
182,182,Apyusd,APYUSD,apyUSD,['https://coin-images.coingecko.com/coins/images/102172527/large/apyUSD.png?1773763322'],1.36,185555335,182.0,185555335.0,410043.0,1.37,1.36,-0.001301321537019,-0.09618,-716562.0236409009,-0.38469,136128900.605735,136128900.605735,1000000000.0,4799.87,-99.9716,2026-04-16 06:11:00+00:00,0.97356,40.0069,2026-06-26 13:36:00+00:00,2026-09-08T10:40:20.000Z,Medium
183,183,Theta-Token,THETA,Theta Network,['https://coin-images.coingecko.com/coins/images/2538/large/theta-token-logo.png?1696503349'],0.184724,184671611,183.0,184671611.0,3370214.0,0.19284,0.18321,0.00079918,0.38546,746346.0,0.40579,1000000000.0,1000000000.0,1000000000.0,15.72,-98.82489,2021-04-16 05:15:11+00:00,0.04039979,357.24105,2020-03-12 18:24:16+00:00,2026-09-08T10:40:20.000Z,Medium
184,184,Usa,USAT,USAT,['https://coin-images.coingecko.com/coins/images/71792/large/usat_logo_200x200.png?1769440161'],0.999123,184160821,184.0,184160821.0,437199.0,0.999581,0.998628,-2.1389501419389e-05,-0.00231,900.49,0.00049,184317598.5,184317598.5,1000000000.0,1.002,-0.32901,2026-03-30 13:45:00+00:00,0.99608,0.3055,2026-03-08 05:50:20+00:00,2026-09-08T10:40:20.000Z,Medium
185,185,Build-On,B,BUILDon,['https://coin-images.coingecko.com/coins/images/55974/large/T7asvmCb_400x400.jpg?1747902862'],0.181561,181556674,185.0,181556674.0,7299000.0,0.198763,0.176617,0.0027098,1.55363,2705815.0,1.51289,1000000000.0,1000000000.0,1000000000.0,0.762588,-76.1915,2026-05-14 04:09:00+00:00,0.082973,118.81901,2025-10-10 13:31:21+00:00,2026-09-08T10:40:20.000Z,Medium
186,186,Swissborg,BORG,SwissBorg,['https://coin-images.coingecko.com/coins/images/2117/large/YJUrRy7r_400x400.png?1696503083'],0.182623,179223107,186.0,179223107.0,203436.0,0.18543,0.178953,0.00174671,0.95768,1719342.0,0.96862,981352443.442,981352443.442,1000000000.0,1.64,-88.86361,2021-05-04 09:14:50+00:00,0.00502687,3532.94215,2019-07-27 16:00:00+00:00,2026-09-08T10:40:20.000Z,Medium
187,187,Cash-Cat,CASHCAT,Cash Cat,['https://coin-images.coingecko.com/coins/images/102174280/large/cashcat-logo.jpg?1782922765'],0.180047,178035041,187.0,178035041.0,28375103.0,0.215729,0.178327,-0.0333067771664126,-15.73603,-32820213.61498019,-15.56528,988287275.6543044,988287275.6543044,1000000000.0,0.314297,-42.71425,2026-09-03 21:42:00+00:00,0.00160429,11122.84843,2026-07-01 18:44:30+00:00,2026-09-08T10:40:20.000Z,Medium
188,188,Zebec-Network,ZBCN,Zebec Network,['https://coin-images.coingecko.com/coins/images/37052/large/zbcn.jpeg?1713168241'],0.00177933,177976269,188.0,177976269.0,7776535.0,0.00189171,0.00174782,-9.795045590322e-05,-5.28331,-9749566.110628637,-5.19351,99998774094.8002,99998774094.8002,100000000000.0,0.00700261,-74.59046,2025-05-29 19:20:44+00:00,0.00069854,154.7214,2024-08-05 05:31:51+00:00,2026-09-08T10:40:20.000Z,Medium
189,189,Ultima,ULTIMA,Ultima,['https://coin-images.coingecko.com/coins/images/31844/large/ULTIMA-200x200.png?1763090865'],2083.17,176523513,189.0,208390604.0,7796766.0,2207.63,2013.86,-0.6601661607169262,-0.01156,6296.23,0.00357,84708.0,100000.0,100000.0,22851.0,-90.88352,2025-02-14 03:01:57+00:00,1734.24,20.12011,2026-06-30 22:05:00+00:00,2026-09-08T10:40:20.000Z,Medium
190,190,Unifai-Network,UAI,UnifAI Network,['https://coin-images.coingecko.com/coins/images/70521/large/uai.png?1762323485'],0.738483,176441287,190.0,738248064.0,11716628.0,0.767293,0.634273,0.097321,15.16684,23203637.0,15.14226,239000000.0,1000000000.0,1000000000.0,0.767293,-3.75479,2026-09-08 05:07:30+00:00,0.06003,1130.19431,2025-11-06 15:21:15+00:00,2026-09-08T10:40:20.000Z,Medium
191,191,Doublezero,2Z,DoubleZero,['https://coin-images.coingecko.com/coins/images/68339/large/Coingecko_-_PFP.png?1755694420'],0.050827,176362170,191.0,508223536.0,2733410.0,0.052232,0.050077,-0.000709845490104,-1.3557,-2445655.99607867,-1.36776,3469505934.0,9998088434.0,10000000000.0,0.893679,-94.3126,2025-10-02 05:11:45+00:00,0.0462912,9.79868,2026-08-19 02:41:10+00:00,2026-09-08T10:40:20.000Z,Medium
192,192,Fartcoin,FARTCOIN,Fartcoin,['https://coin-images.coingecko.com/coins/images/50891/large/fart.jpg?1729503972'],0.17342,173425024,192.0,173425024.0,32885111.0,0.180275,0.167974,0.00010557,0.02242,115452.0,0.06662,999974167.899508,999974167.899508,1000000000.0,2.48,-93.00409,2025-01-19 12:41:07+00:00,0.02002855,765.86204,2024-10-29 23:56:04+00:00,2026-09-08T10:40:20.000Z,Medium
193,193,Coco-2,COCO,coco,['https://coin-images.coingecko.com/coins/images/71124/large/%E6%9C%AA%E5%91%BD%E5%90%8D%E7%9A%84%E8%AE%BE%E8%AE%A1_%2821%29.png?1765893957'],0.173139,173153503,193.0,173153503.0,45153.0,0.173278,0.170568,0.00132399,0.73636,1338892.0,0.77927,1000000000.0,1000000000.0,1000000000.0,0.35491,-51.21613,2026-05-06 18:25:00+00:00,0.00180419,9496.48388,2026-03-26 09:32:00+00:00,2026-09-08T10:40:20.000Z,Medium
194,194,Telcoin,TEL,Telcoin,['https://coin-images.coingecko.com/coins/images/1899/large/tel.png?1696502892'],0.0017334,171037065,194.0,173340914.0,740980.0,0.00173044,0.00168994,1.115e-05,0.55173,1101200.0,0.64801,98670914241.98,100000000000.0,100000000000.0,0.064483,-97.31184,2021-05-10 16:32:24+00:00,6.474e-05,2577.63182,2020-03-12 18:24:47+00:00,2026-09-08T10:40:20.000Z,Medium
195,195,Spiko-Us-T-Bills-Money-Market-Fund,USTBL,Spiko US T-Bills Money Market Fund,['https://coin-images.coingecko.com/coins/images/39666/large/USTB.png?1723541269'],1.095,170292560,195.0,170292560.0,6277292.0,1.095,1.095,0.0,0.0,0.0,0.0,155513064.5576,155513064.5576,1000000000.0,1.095,0.0,2026-09-04 13:15:00+00:00,1.013,8.13931,2024-08-19 23:05:13+00:00,2026-09-08T10:40:20.000Z,Medium
196,196,Axie-Infinity,AXS,Axie Infinity,['https://coin-images.coingecko.com/coins/images/13029/large/axie_infinity_logo.png?1696512817'],0.972029,169549072,196.0,262450266.0,24780000.0,0.985536,0.95425,0.0123329,1.30273,2152685.0,1.28598,174426379.00134403,270000000.0,270000000.0,164.9,-99.41053,2021-11-06 11:29:29+00:00,0.123718,685.68075,2020-11-06 00:05:43+00:00,2026-09-08T10:40:20.000Z,Medium
197,197,Akash-Network,AKT,Akash Network,['https://coin-images.coingecko.com/coins/images/12785/large/akash-logo.png?1696512580'],0.561445,167072263,197.0,167085187.0,3855109.0,0.567128,0.54527,0.00548999,0.72695,1634818.0,0.98818,297584815.850718,297608055.092251,388539008.0,8.07,-93.04709,2021-04-06 10:59:48+00:00,0.164994,240.28264,2022-11-21 12:30:53+00:00,2026-09-08T10:40:20.000Z,Medium
198,198,Safo,SAFO,Spiko Amundi Overnight Swap Fund,['https://coin-images.coingecko.com/coins/images/102172590/large/Fund_usdSAFO.png?1774104804'],1.02,165379321,198.0,165379321.0,6277292.0,1.02,1.02,-6.999999999868e-06,-0.00069,1352839.0,0.82477,162150419.69458,162150419.69458,1000000000.0,1.02,-0.00069,2026-09-04 15:00:00+00:00,1.015,0.51771,2026-07-23 04:25:10+00:00,2026-09-08T10:40:20.000Z,Medium
199,199,Tradable-Apac-Diversified-Finance-Provider-Sstn,PC0000033,Tradable APAC Diversified Finance Provider SSTN,['https://coin-images.coingecko.com/coins/images/66798/large/tradable.jpg?1750576460'],1.0,162500000,199.0,162500000.0,6277292.0,1.0,1.0,0.0,0.0,0.0,0.0,162500000.0,162500000.0,300000000.0,1.0,0.0,2025-07-03 02:25:05+00:00,1.0,0.0,2026-07-23 07:25:00+00:00,2026-09-08T10:40:20.000Z,Medium
200,200,Derive,DRV,Derive,['https://coin-images.coingecko.com/coins/images/52889/large/Token_Logo.png?1734601695'],0.162166,162120347,200.0,243251247.0,5925614.0,0.166349,0.155856,0.00095619,0.57502,957181.0,0.59392,999709246.0483372,1500000000.0,1500000000.0,0.228265,-28.95701,2025-01-14 19:52:14+00:00,0.01243699,1203.90185,2025-04-07 05:31:06+00:00,2026-09-08T10:40:20.000Z,Medium
201,201,Chain-2,XCN,Onyxcoin,['https://coin-images.coingecko.com/coins/images/24210/large/onyxlogo.jpg?1696523397'],0.00406897,160157649,201.0,217520029.0,4176321.0,0.00421772,0.00396397,9.425e-05,2.42943,3876175.0,2.48025,39319627151.3042,53402422627.324425,68892071756.9,0.184139,-97.79028,2022-05-27 03:45:24+00:00,0.0007055,476.74756,2023-10-11 12:12:02+00:00,2026-09-08T10:40:20.000Z,Medium
202,202,Thorchain,RUNE,THORChain,['https://coin-images.coingecko.com/coins/images/6595/large/THORChain_RUNE_Token.png?1782452363'],0.485854,159831149,202.0,172139563.0,88889410.0,0.490815,0.47895,0.00591514,1.19354,2083706.0,1.32091,328673566.0,353984315.0,353984328.0,20.87,-97.67173,2021-05-18 16:30:09+00:00,0.00851264,5607.44456,2019-09-27 16:00:00+00:00,2026-09-08T10:40:20.000Z,Medium
203,203,Mx-Token,MX,MX,['https://coin-images.coingecko.com/coins/images/8545/large/mexc.jpg?1747142259'],1.74,159574381,203.0,710711885.0,3218635.0,1.75,1.73,-0.0025770401335409,-0.18238,-230861.25724056363,-0.14446,91837334.0,409024834.0,1000000000.0,5.85,-70.32237,2024-04-09 14:10:39+00:00,0.04218457,4018.83561,2019-11-24 21:59:45+00:00,2026-09-08T10:40:20.000Z,Medium
204,204,Humanity,H,Humanity,['https://coin-images.coingecko.com/coins/images/66811/large/H_tokenLogo_original.png?1750581252'],0.078414,156236314,204.0,784404180.0,1903068.0,0.078276,0.075398,0.00084926,1.10295,1744125.0,1.12894,1991783293.903,10000000000.0,10000000000.0,0.853746,-90.81529,2026-06-02 07:27:00+00:00,0.01810273,333.16123,2025-06-26 17:20:39+00:00,2026-09-08T10:40:20.000Z,Medium
205,205,Neo,NEO,NEO,['https://coin-images.coingecko.com/coins/images/480/large/NEO_512_512.png?1696501735'],2.21,155891095,205.0,221028066.0,3559501.0,2.23,2.16,0.0494916,2.27816,3505344.0,2.30031,70530000.0,100000000.0,1000000000.0,198.38,-98.88595,2018-01-14 16:00:00+00:00,0.078349,2720.79023,2016-10-20 16:00:00+00:00,2026-09-08T10:40:20.000Z,Medium
206,206,Strategy-Pp-Variable-Xstock,STRCX,Strategy PP Variable xStock,['https://coin-images.coingecko.com/coins/images/71033/large/Ticker_STRCx__Company_Name_Strategy_PP_Variable__size_200x200.png?1765380234'],105.47,153756289,206.0,297139958.0,2551540.0,106.47,96.66,1.74,1.92014,2631953.0,1.74158,1457733.0817682152,2817125.393938967,1000000000.0,139.97,-24.64452,2026-06-02 22:11:00+00:00,73.0,44.48011,2026-06-26 03:33:00+00:00,2026-09-08T10:40:20.000Z,Medium
207,207,Seeker,SKR,Seeker,['https://coin-images.coingecko.com/coins/images/70974/large/seeker-logo.jpg?1764922774'],0.02175663,151774071,207.0,230087225.0,13121864.0,0.02263365,0.02059118,0.00116104,5.62261,8174087.0,5.69226,6976946106.704375,10576946083.96465,1000000000.0,0.055818,-61.0224,2026-01-21 19:32:20+00:00,0.00542271,301.21299,2026-01-20 18:11:35+00:00,2026-09-08T10:40:20.000Z,Medium
208,208,Antfun,ANTFUN,AntFun,['https://coin-images.coingecko.com/coins/images/102174619/large/antfun_logo_200x200_transparent.png?1784200901'],0.080087,151137150,208.0,676677774.0,13738542.0,0.080747,0.074246,0.00507921,6.77348,9549682.0,6.74472,1887639996.0,8451423307.16593,10000000000.0,0.080747,-0.81737,2026-09-08 08:49:30+00:00,0.03781926,111.76216,2026-07-16 12:58:20+00:00,2026-09-08T10:40:20.000Z,Medium
209,209,Chiliz,CHZ,Chiliz,['https://coin-images.coingecko.com/coins/images/8834/large/CHZ_Token_updated.png?1696508986'],0.01431751,150690536,210.0,150690536.0,28404598.0,0.01440952,0.01382772,0.00037769,2.59919,3982636.0,2.71467,10525830021.0,10525830021.0,1000000000.0,0.878633,-98.37048,2021-03-13 00:04:21+00:00,0.00410887,248.4534,2019-09-27 16:00:00+00:00,2026-09-08T10:40:20.000Z,Medium
210,210,Origintrail,TRAC,OriginTrail,['https://coin-images.coingecko.com/coins/images/1877/large/TRAC.jpg?1696502873'],0.336708,150602902,209.0,168356379.0,3182759.0,0.357103,0.33458,-0.0046915449401544,-1.37326,-2096402.4356511235,-1.3729,447274118.0,500000000.0,500000000.0,3.5,-90.39332,2021-11-03 10:09:57+00:00,0.00385262,8639.72501,2020-03-12 18:24:12+00:00,2026-09-08T10:40:20.000Z,Medium
211,211,Gusd,GUSD,GUSD,['https://coin-images.coingecko.com/coins/images/68725/large/gusd-logo.jpeg?1757681286'],0.998181,149521917,211.0,319427288.0,1915282.0,0.998883,0.998086,-0.0008840204384256,-0.08895,-128075.40597599743,-0.08558,149790000.0,320000000.0,1000000000.0,1.022,-2.31771,2026-03-02 07:10:22+00:00,0.979237,1.93455,2026-03-02 09:40:29+00:00,2026-09-08T10:40:20.000Z,Medium
212,212,Vision-3,VSN,Vision,['https://coin-images.coingecko.com/coins/images/67399/large/Logo-Vision-Symbol-BG-Green.png?1752676915'],0.03971138,149404399,213.0,166934228.0,3889253.0,0.04080176,0.03969737,-0.0006322401811581,-1.82464,-2245508.168521732,-1.48072,3758956327.888612,4200000000.0,4200000000.0,0.223874,-82.26172,2025-08-11 03:13:12+00:00,0.02840819,39.7885,2026-06-06 05:10:30+00:00,2026-09-08T10:40:20.000Z,Medium
213,213,Decentraland,MANA,Decentraland,['https://coin-images.coingecko.com/coins/images/878/large/decentraland-mana.png?1696502010'],0.076253,149313143,212.0,167217546.0,20051553.0,0.076787,0.074809,0.00099533,1.30143,1932335.0,1.31112,1958350110.4557717,2193179327.320146,1000000000.0,5.85,-98.69671,2021-11-25 02:04:18+00:00,0.00923681,725.53361,2017-10-30 16:00:00+00:00,2026-09-08T10:40:20.000Z,Medium
214,214,Ecash,XEC,eCash,['https://coin-images.coingecko.com/coins/images/16646/large/Logo_final-22.png?1696516207'],7.37e-06,147717697,214.0,147718088.0,3696889.0,7.44e-06,7.21e-06,3.1007e-08,0.33298,329302.0,0.22342,20080573422580.0,20080635922580.0,21000000000000.0,0.00038001,-98.06033,2021-09-04 09:09:31+00:00,4.79e-06,53.93411,2026-07-01 01:13:50+00:00,2026-09-08T10:40:20.000Z,Medium
215,215,Gmt-Token,GOMINING,GoMining Token,['https://coin-images.coingecko.com/coins/images/15662/large/GoMining_Logo.webp?1769225542'],0.364785,147138958,215.0,147138958.0,12401979.0,0.365867,0.357194,0.00118708,0.34216,499686.0,0.34076,403301155.33831584,403301155.3383158,436915240.0,0.564703,-35.40246,2024-12-16 11:47:13+00:00,0.069487,424.96909,2022-11-09 16:18:31+00:00,2026-09-08T10:40:20.000Z,Medium
216,216,Apecoin,APE,ApeCoin,['https://coin-images.coingecko.com/coins/images/24383/large/APECOIN.png?1756551529'],0.146854,146911020,216.0,146911020.0,27595923.0,0.148129,0.141661,0.00380546,2.57493,3862569.0,2.70018,1000000000.0,1000000000.0,1000000000.0,26.7,-99.44992,2022-04-28 13:44:21+00:00,0.081548,80.08383,2026-04-02 21:49:00+00:00,2026-09-08T10:40:20.000Z,Medium
217,217,Non-Playable-Coin,NPC,Non-Playable Coin,['https://coin-images.coingecko.com/coins/images/31193/large/NPC_200x200.png?1696530021'],0.01793615,144453710,217.0,144453710.0,6258322.0,0.01977928,0.01699598,-0.0015173937051846,-7.8759,-12149784.85565868,-7.75831,8050126520.0,8050126520.0,8050126520.0,0.066169,-72.8935,2024-11-18 00:46:10+00:00,4.561e-05,39223.08142,2023-08-13 04:00:49+00:00,2026-09-08T10:40:20.000Z,Medium
218,218,Shuffle-2,SHFL,Shuffle,['https://coin-images.coingecko.com/coins/images/35148/large/shuffle_token_200x200.png?1707552712'],0.302472,143781606,218.0,278467101.0,641636.0,0.306312,0.296446,-0.000788666021277,-0.26047,-247463.27984130385,-0.17181,475341342.3379182,920610980.338615,1000000000.0,0.787524,-61.59202,2024-03-18 06:56:52+00:00,0.141225,114.17664,2024-12-17 06:35:43+00:00,2026-09-08T10:40:20.000Z,Medium
219,219,Elrond-Erd-2,EGLD,MultiversX,['https://coin-images.coingecko.com/coins/images/12335/large/egld-token-logo.png?1696512162'],4.64,142568730,219.0,142568730.0,6675816.0,4.75,4.47,0.07337,1.78447,2337992.0,1.66725,30739693.0,30739693.0,1000000000.0,545.64,-99.1503,2021-11-23 02:33:26+00:00,2.42,91.27689,2026-06-26 02:23:20+00:00,2026-09-08T10:40:20.000Z,Medium
220,220,Btse-Token,BTSE,BTSE Token,['https://coin-images.coingecko.com/coins/images/10807/large/BTSE_logo_Square.jpeg?1696510765'],0.87562,141989488,220.0,175229141.0,859646.0,0.877244,0.838243,0.00083836,0.01535,220994.0,0.15588,162061501.0,200000000.0,200000000.0,9.21,-90.49747,2022-03-23 01:11:07+00:00,0.06191,1314.34842,2025-10-10 14:48:11+00:00,2026-09-08T10:40:20.000Z,Medium
221,221,Safepal,SFP,SafePal,['https://coin-images.coingecko.com/coins/images/13905/large/sfp.png?1696513647'],0.28381,141977126,221.0,141977126.0,1685232.0,0.28815,0.277557,0.00010316,0.03246,123651.0,0.08717,500000000.0,500000000.0,500000000.0,4.19,-93.22244,2021-02-09 10:30:34+00:00,0.199787,42.05638,2026-07-29 21:05:20+00:00,2026-09-08T10:40:20.000Z,Medium
222,222,Stonk-3,STONK,STONK,['https://coin-images.coingecko.com/coins/images/102175239/large/tscmgapqpfx5j4hu8gbs3aj85s7a.?1785895603'],0.162688,141545356,222.0,141504304.0,90511415.0,0.211962,0.095274,0.02735049,19.11184,23140074.0,19.54311,869223089.326651,868854796.4371927,1000000000.0,0.212049,-23.2782,2026-09-06 18:22:30+00:00,0.00174774,9208.47786,2026-08-05 19:16:30+00:00,2026-09-08T10:40:20.000Z,Medium
223,223,Railgun,RAIL,Railgun,['https://coin-images.coingecko.com/coins/images/16840/large/railgun.jpeg?1696516407'],2.3,137933685,223.0,137933685.0,442960.0,2.38,2.23,-0.0258293790957133,-1.52117,-1545688.910701394,-1.10818,60000000.0,60000000.0,100000000.0,5.66,-59.38423,2025-11-07 10:42:15+00:00,0.228324,906.82444,2022-11-09 14:15:17+00:00,2026-09-08T10:40:20.000Z,Medium
224,224,Backpack,BP,Backpack,['https://coin-images.coingecko.com/coins/images/102171961/large/image_%285%29.png?1774269858'],0.549975,137500577,224.0,550002307.0,14984596.0,0.553714,0.450434,0.02846102,5.74881,7122107.0,5.46264,250000000.0,1000000000.0,1000000000.0,0.785169,-29.95456,2026-06-21 09:14:20+00:00,0.117911,366.43181,2026-05-25 19:03:00+00:00,2026-09-08T10:40:20.000Z,Medium
225,225,Kamino,KMNO,Kamino,['https://coin-images.coingecko.com/coins/images/35801/large/Kamino_200x200.png?1767944671'],0.02492063,136554746,225.0,249211324.0,2660442.0,0.02513693,0.02468913,-5.0878408378602e-05,-0.24397,-87321.4979492724,-0.06391,5479452388.75,9999956964.125172,10000000000.0,0.247842,-89.94497,2024-12-15 08:45:25+00:00,0.01342703,85.60053,2026-06-06 05:03:15+00:00,2026-09-08T10:40:20.000Z,Medium
226,226,Vaulta,A,Vaulta,['https://coin-images.coingecko.com/coins/images/55616/large/Vaulta_CEX_Icon_Circle_-_cmc.png?1746859132'],0.081052,134994075,226.0,170196005.0,4522449.0,0.082411,0.079963,0.0001104,0.04539,189562.0,0.14062,1665653413.7589,2100000000.0,2100000000.0,0.778734,-89.59177,2025-05-28 00:22:53+00:00,0.057641,40.61675,2026-06-06 05:03:15+00:00,2026-09-08T10:40:20.000Z,Medium
227,227,Tradable-Latam-Fintech-Sstn,PC0000097,Tradable LatAm Fintech SSTN,['https://coin-images.coingecko.com/coins/images/66796/large/tradable.jpg?1750576421'],1.0,134000000,227.0,184416216.0,6277292.0,1.0,1.0,0.0,0.0,0.0,0.0,134000000.0,134000000.0,300000000.0,1.0,0.0,2025-07-03 02:25:03+00:00,1.0,0.0,2026-07-23 07:25:00+00:00,2026-09-08T10:40:20.000Z,Medium
228,228,Marscoin-4,MARSCOIN,MarsCoin,['https://coin-images.coingecko.com/coins/images/102175246/large/1000299474.png?1785934648'],0.132468,132247848,228.0,132247848.0,75363402.0,0.172651,0.130531,-0.0380609327294447,-21.66188,-38280662.53491166,-22.44825,1000000000.0,1000000000.0,1000000000.0,0.263444,-49.71705,2026-09-05 18:14:20+00:00,0.02333067,467.783,2026-08-21 08:33:50+00:00,2026-09-08T10:40:20.000Z,Medium
229,229,1Inch,1INCH,1INCH,['https://coin-images.coingecko.com/coins/images/13469/large/0x111111111117dc0aa78b770fa6a738034120c302_0x2b2c127f11a6604d4319c936334506b86c339a3773b6f2731db0ed4a4fb7fb72.jpg?1787890016'],0.093654,131641825,230.0,140485483.0,19802920.0,0.095953,0.092992,-0.0011208831713745,-1.20858,-1571962.3262269646,-1.18003,1405573965.7275033,1499999999.997,1500000000.0,8.65,-98.91749,2021-10-27 00:24:54+00:00,0.064865,44.38449,2026-07-01 01:13:30+00:00,2026-09-08T10:40:20.000Z,Medium
230,230,Collector-Crypt,CARDS,Collector Crypt,['https://coin-images.coingecko.com/coins/images/68728/large/cards-logo.jpeg?1756534539'],0.138918,131591672,229.0,274677739.0,8467008.0,0.163912,0.129343,-0.0055736829440295,-3.82235,-3109221.3054662794,-2.30824,947239606.5944092,1977219603.76473,2000000000.0,0.381443,-63.58095,2025-09-14 12:18:08+00:00,0.02121763,554.72927,2025-09-01 18:58:55+00:00,2026-09-08T10:40:20.000Z,Medium
231,231,Avant-Usd,AVUSD,Avant USD,['https://coin-images.coingecko.com/coins/images/53527/large/token-avusd.png?1736579003'],0.999209,131467660,231.0,131467660.0,89.32,0.999425,0.998979,-0.0001412216045273,-0.0146,-2423699.633070469,-1.8102,131567903.0208607,131567903.0208607,1000000000.0,1.09,-8.34789,2026-07-28 02:28:40+00:00,0.924607,8.06857,2026-06-19 19:10:00+00:00,2026-09-08T10:40:20.000Z,Medium
232,232,Rollbit-Coin,RLB,Rollbit Coin,['https://coin-images.coingecko.com/coins/images/24552/large/unziL6wO_400x400.jpg?1696523729'],0.083269,131329301,232.0,131335035.0,211441.0,0.085033,0.081886,-0.0003291867603473,-0.39428,-568308.3824629784,-0.43087,1577115664.7152555,1577184525.392092,5000000000.0,0.264358,-68.50123,2023-11-11 09:10:05+00:00,0.00093506,8805.25773,2022-07-01 18:46:34+00:00,2026-09-08T10:40:20.000Z,Medium
233,233,Jpysc,JPYSC,JPYSC,['https://coin-images.coingecko.com/coins/images/102174247/large/jpysc_200.png?1782808870'],0.00648669,130174268,233.0,130174268.0,6277292.0,0.0065361,0.00646113,2.21e-05,0.34185,489231.0,0.37725,20067899392.0,20067899392.0,1000000000.0,0.0065361,-0.75599,2026-09-08 02:30:00+00:00,0.00610725,6.21292,2026-07-30 08:00:20+00:00,2026-09-08T10:40:20.000Z,Medium
234,234,Havven,SNX,Synthetix,['https://coin-images.coingecko.com/coins/images/3406/large/SNX.png?1696504103'],0.223119,130042105,234.0,130136928.0,13674442.0,0.22694,0.219913,-0.0009835979108762,-0.10836,-156884.43227218091,-0.1205,580980590.4572881,581404223.5556631,1000000000.0,28.53,-99.21801,2021-02-13 17:12:38+00:00,0.0347864,541.39593,2019-01-05 16:00:00+00:00,2026-09-08T10:40:20.000Z,Medium
235,235,Zama,ZAMA,Zama,['https://coin-images.coingecko.com/coins/images/70921/large/zama.png?1764591992'],0.051866,129352392,235.0,586326114.0,11356087.0,0.055387,0.050369,-0.0026376263871403,-4.85287,-5923478.172757506,-4.37881,2493927632.0536056,11304428717.34256,1000000000.0,0.06628,-21.74722,2026-07-27 17:16:40+00:00,0.01673142,209.99256,2026-02-12 09:20:22+00:00,2026-09-08T10:40:20.000Z,Medium
236,236,Zencash,ZEN,Horizen,['https://coin-images.coingecko.com/coins/images/691/large/Horizen2.0-logo_icon-on-yellow_%281%29.png?1751696763'],7.0,128261941,236.0,146943537.0,18176141.0,7.28,6.9,-0.1634558732691253,-2.3631,-2964966.4257119,-2.25942,18330175.014408942,21000000.0,21000000.0,165.92,-95.78373,2021-05-07 22:00:30+00:00,3.26,114.29,2019-10-16 16:00:00+00:00,2026-09-08T10:40:20.000Z,Medium
237,237,Ozone-Chain,OZO,Ozone Chain,['https://coin-images.coingecko.com/coins/images/31385/large/ozonechain-momogram-200x200.png?1696530201'],0.130558,125653607,237.0,130762047.0,145336.0,0.13128,0.130369,-0.0003240410748739,0.13409,-115607.64964939654,-0.09192,960933314.0,1000000000.0,1000000000.0,0.485077,-73.08505,2024-04-29 01:02:20+00:00,0.060046,117.42906,2023-10-07 13:15:21+00:00,2026-09-08T10:40:20.000Z,Medium
238,238,Cash-4,CASH,CASH,['https://coin-images.coingecko.com/coins/images/69679/large/cash.jpg?1759283906'],0.999561,124674421,238.0,124674421.0,11149765.0,1.001,0.99932,-8.0092129970954e-05,-0.01044,-1890079.8996235128,-1.49337,124725611.590589,124725611.590589,1000000000.0,1.058,-5.55272,2025-11-15 12:50:58+00:00,0.975346,2.4827,2025-12-15 11:40:12+00:00,2026-09-08T10:40:20.000Z,Medium
239,239,Four,FORM,Four,['https://coin-images.coingecko.com/coins/images/54912/large/four.jpg?1742461445'],0.320813,122580916,240.0,183711206.0,68303306.0,0.389605,0.249209,0.054443,19.57468,20863225.0,20.51091,381867255.14,572301922.1,580000000.0,4.19,-92.33983,2025-09-08 04:17:03+00:00,0.178657,79.56924,2026-07-17 14:01:50+00:00,2026-09-08T10:40:20.000Z,Medium
240,240,Quack-Ai,Q,Quack AI,['https://coin-images.coingecko.com/coins/images/68793/large/quack_ai.png?1756615808'],0.02751902,122335949,239.0,275169889.0,1808382.0,0.03016251,0.02621443,0.00013434,0.05301,588252.0,0.48317,4445833415.0,10000000000.0,10000000000.0,0.052458,-47.54123,2025-10-07 06:02:00+00:00,0.00527092,422.09147,2026-03-28 01:22:00+00:00,2026-09-08T10:40:20.000Z,Medium
241,241,Circle-Internet-Group-Ondo-Tokenized-Stock,CRCLON,Circle Internet Group (Ondo Tokenized Stock),['https://coin-images.coingecko.com/coins/images/68595/large/crclon_160x160.png?1756129889'],100.45,120782943,241.0,120782943.0,1562358.0,103.34,99.2,-2.430895417644024,-2.49753,-3618185.318032697,-2.90848,1202435.791100208,1202435.791100208,1000000000.0,158.37,-36.57474,2025-10-10 05:49:47+00:00,47.99,109.32408,2026-02-05 16:26:02+00:00,2026-09-08T10:40:20.000Z,Medium
242,242,The-Sandbox,SAND,The Sandbox,['https://coin-images.coingecko.com/coins/images/12129/large/sandbox_logo.jpg?1696511971'],0.04102546,120511697,242.0,123069923.0,17426377.0,0.04130871,0.03982376,0.00085036,2.0529,2491715.0,2.11127,2937639702.3733225,3000000000.0,3000000000.0,8.4,-99.51142,2021-11-24 22:04:40+00:00,0.02897764,41.57629,2020-11-04 07:59:14+00:00,2026-09-08T10:40:20.000Z,Medium
243,243,Meta-2-2,META,MetaDAO,['https://coin-images.coingecko.com/coins/images/68320/large/META.png?1755335883'],5.29,119915856,243.0,119915852.0,1419118.0,5.42,5.23,-0.0509115946322866,-1.10114,-1149437.9997593611,-0.94944,22684692.926957,22684692.091864,1000000000.0,10.84,-51.23977,2025-10-21 09:10:23+00:00,0.724356,629.746,2025-08-17 10:45:50+00:00,2026-09-08T10:40:20.000Z,Medium
244,244,Sonic-3,S,Sonic,['https://coin-images.coingecko.com/coins/images/38108/large/200x200_Sonic_Logo.png?1734679256'],0.03030807,117761186,244.0,117761186.0,15638165.0,0.03038197,0.0292199,0.00011797,0.56817,457630.0,0.39012,3885497663.0,3885497663.0,1000000000.0,1.029,-97.05596,2025-01-04 13:35:44+00:00,0.01906602,58.96381,2026-06-25 13:59:50+00:00,2026-09-08T10:40:20.000Z,Medium
245,245,Immutable-X,IMX,Immutable,['https://coin-images.coingecko.com/coins/images/17233/large/immutableX-symbol-BLK-RGB.png?1696516787'],0.133707,117656255,245.0,267561102.0,15657899.0,0.138178,0.131066,0.00159824,1.20937,1470030.0,1.26524,879472049.1198139,2000000000.0,2000000000.0,9.52,-98.5955,2021-11-25 17:03:01+00:00,0.094763,41.09608,2026-08-19 03:08:10+00:00,2026-09-08T10:40:20.000Z,Medium
246,246,Theo-Short-Duration-Us-Treasury-Fund,THBILL,Theo Short Duration US Treasury Fund,['https://coin-images.coingecko.com/coins/images/67650/large/thBILL.png?1753401034'],1.013,117366951,246.0,117366951.0,80452.0,1.019,1.012,-0.0029470471007262,-0.29051,-337988.5531382859,-0.28715,115843689.787306,115843689.787306,1000000000.0,1.11,-8.85485,2025-10-10 14:40:31+00:00,0.906552,11.75526,2025-10-10 13:35:37+00:00,2026-09-08T10:40:20.000Z,Medium
247,247,Stp-Network,AWE,AWE Network,['https://coin-images.coingecko.com/coins/images/8713/large/awe-network.jpg?1747816016'],0.060375,117295566,247.0,117295566.0,1034500.0,0.061474,0.059867,-0.000626872196337,-1.12647,-1195536.3969818205,-1.00897,1942420282.5203905,1942420282.5203905,2000000000.0,0.270085,-77.64598,2021-10-06 00:03:37+00:00,0.00646736,833.53276,2019-09-30 16:00:00+00:00,2026-09-08T10:40:20.000Z,Medium
248,248,Basic-Attention-Token,BAT,Basic Attention,['https://coin-images.coingecko.com/coins/images/677/large/basic-attention-token.png?1696501867'],0.076759,114880437,248.0,115208808.0,14762274.0,0.075764,0.073171,0.00336662,4.31415,5104916.0,4.65032,1495724656.9526055,1500000000.0,1500000000.0,1.9,-95.96121,2021-11-27 16:23:51+00:00,0.055241,38.95325,2026-08-14 15:07:10+00:00,2026-09-08T10:40:20.000Z,Medium
249,249,Tradable-Singapore-Fintech-Ssl-2,PC0000023,Tradable Singapore Fintech SSL,['https://coin-images.coingecko.com/coins/images/66954/large/tradable.jpg?1751254449'],1.0,114500000,248.5,114500000.0,6277292.0,0.3448725,0.3210785,0.0,0.0,7.4505e-09,0.0,114500000.0,114500000.0,114500000.0,1.0,0.0,2025-07-03 02:25:09+00:00,1.0,0.0,2025-07-03 02:25:09+00:00,2026-07-10T19:20:16.000Z,Medium
250,250,Alpha-Bulgaria-Warrants,ALFW,Alpha Bulgaria Warrants,['https://coin-images.coingecko.com/coins/images/102174400/large/0fc344_46599cf95f3b4eac9dcd8b50a1fcd064_mv2%281%29%281%29.png?1783581235'],3.2,114330001,249.0,114330001.0,6277292.0,3.2,3.2,4.44e-16,0.0,1.4901e-08,0.0,35714286.0,35714286.0,35714286.0,3.2,0.0,2026-08-19 20:35:00+00:00,3.2,0.0,2026-08-19 15:45:00+00:00,2026-09-08T10:40:20.000Z,Medium
251,251,Dgrid-Ai,DGAI,DGrid AI,['https://coin-images.coingecko.com/coins/images/102175792/large/dgrid.png?1787573447'],0.756831,113532781,250.0,756885207.0,88683435.0,0.783653,0.742375,-0.0203820753751007,-2.77219,-3049169.240440652,-2.61547,150000000.0,1000000000.0,1000000000.0,0.846164,-10.55745,2026-08-24 21:24:20+00:00,0.364155,107.83211,2026-08-24 17:03:40+00:00,2026-09-08T10:40:20.000Z,Medium
252,252,Melania-Meme,MELANIA,Melania Meme,['https://coin-images.coingecko.com/coins/images/53775/large/melania-meme.png?1737329885'],0.112828,112857824,251.0,112857825.0,21599122.0,0.119083,0.111282,0.00033392,0.30449,363834.0,0.32343,999995792.977959,999995798.455108,1000000000.0,13.05,-99.13555,2025-01-19 23:00:55+00:00,0.066246,70.31775,2026-06-06 05:03:30+00:00,2026-09-08T10:40:20.000Z,Medium
253,253,Permacast,PWT,Permacast,['https://coin-images.coingecko.com/coins/images/102175793/large/permacast.jpg?1787581166'],0.580722,112609769,252.0,536236994.0,6749932.0,0.586939,0.569022,0.00080091,0.005,0.0,0.0,210000000.0,1000000000.0,1000000000.0,0.683497,-15.03676,2026-08-24 15:47:10+00:00,0.487092,19.22212,2026-09-03 16:24:30+00:00,2026-09-08T10:40:20.000Z,Medium
254,254,Golem,GLM,Golem,['https://coin-images.coingecko.com/coins/images/542/large/Golem_Submark_Positive_RGB.png?1696501761'],0.112563,112590567,254.0,112590567.0,2052278.0,0.113066,0.109153,-2.0000777287227e-05,0.0182,8005.2,0.00711,1000000000.0,1000000000.0,1000000000.0,1.32,-91.50026,2018-04-13 01:13:22+00:00,0.00913753,1131.87077,2016-12-11 16:00:00+00:00,2026-09-08T10:40:20.000Z,Medium
255,255,Astherus-Usdf,USDF,Aster USDF,['https://coin-images.coingecko.com/coins/images/54133/large/USDF_LOGO.png?1738393978'],0.998745,112590119,253.0,112590878.0,105085.0,0.999428,0.998236,-9.6803937566059e-05,-0.01235,16727.58,0.01486,112729770.9964574,112730105.4196046,1000000000.0,1.046,-4.54362,2025-10-10 14:42:58+00:00,0.798494,25.0786,2025-10-10 13:23:15+00:00,2026-09-08T10:40:20.000Z,Medium
256,256,Bc-Token,BC,BCGame Coin,['https://coin-images.coingecko.com/coins/images/53197/large/Graphic_Only-200black.png?1746867614'],0.03493263,112167071,255.0,328755808.0,143398.0,0.03504916,0.03300183,0.00159706,4.77918,5131179.0,4.79389,3210860915.6839733,9410865135.683971,10000000000.0,0.04108352,-14.97167,2026-08-27 15:11:10+00:00,0.00291432,1098.65649,2025-04-06 23:00:26+00:00,2026-09-08T10:40:20.000Z,Medium
257,257,Chutes,SN64,Chutes,['https://coin-images.coingecko.com/coins/images/66308/large/chutes.jpg?1749181700'],18.92,111159371,257.0,111159371.0,994879.0,20.9,18.62,-1.0020300250422238,-5.40704,-5722533.767365873,-4.896,5875977.35105506,5875977.35105506,21000000.0,104.42,-81.88406,2025-06-10 03:46:43+00:00,0.344143,5396.86256,2026-03-26 15:23:00+00:00,2026-09-08T10:40:20.000Z,Medium
258,258,Dog-Go-To-The-Moon-Rune,DOG,Dog (Bitcoin),['https://coin-images.coingecko.com/coins/images/37352/large/DOGGOTOTHEMOON.png?1714096969'],0.00110943,110946163,256.0,110946163.0,1337535.0,0.00120363,0.00105626,-0.0001028098495577,-8.44897,-10277475.327325538,-8.47811,100000000000.0,100000000000.0,100000000000.0,0.0099237,-88.82044,2024-12-11 08:05:38+00:00,0.00055967,98.22971,2026-06-24 17:23:00+00:00,2026-09-08T10:40:20.000Z,Medium
259,259,Frax-Usd,FRXUSD,Frax USD,['https://coin-images.coingecko.com/coins/images/53963/large/frxUSD.png?1737792154'],0.999556,110517867,258.0,110649600.0,5627465.0,1.001,0.999298,-0.0004913865431462,-0.04993,-2626435.095347524,-2.32131,110564049.24180277,110563379.3680514,1000000000.0,1.088,-8.1071,2026-04-12 03:19:00+00:00,0.97622,2.39035,2025-02-17 09:32:23+00:00,2026-09-08T10:40:20.000Z,Medium
260,260,Cheems-Token,CHEEMS,Cheems Token,['https://coin-images.coingecko.com/coins/images/30376/large/Hg4_Lhbg_400x400.jpg?1696529270'],5.37116e-07,109421279,259.0,109421279.0,478187.0,5.45586e-07,5.23103e-07,-2.215486107e-09,-0.47381,-426032.2065488845,-0.38784,203672952069062.38,203672952069062.38,219776051832671.0,2.16e-06,-75.14391,2025-03-25 05:56:11+00:00,5.725e-09,9281.81262,2023-09-04 10:45:23+00:00,2026-09-08T10:40:20.000Z,Medium
261,261,Meteora,MET,Meteora,['https://coin-images.coingecko.com/coins/images/69110/large/meteora.png?1757517561'],0.197492,108756533,260.0,197056486.0,10444217.0,0.23048,0.195333,-0.0083670056509075,-4.14432,-4583534.83469516,-4.04406,550654632.430582,997733779.094728,1000000000.0,0.686913,-71.24939,2025-10-23 05:01:20+00:00,0.094433,109.13303,2026-06-06 05:03:00+00:00,2026-09-08T10:40:20.000Z,Medium
262,262,Zksync,ZK,ZKsync,['https://coin-images.coingecko.com/coins/images/38043/large/ZKTokenBlack.png?1718614502'],0.01045769,108431418,261.0,219573308.0,9623571.0,0.0110257,0.01036205,-0.0005268045727147,-4.91721,-5481994.8876604885,-4.81242,10370385240.0,21000000000.0,21000000000.0,0.320983,-96.74198,2024-06-16 23:44:40+00:00,0.00712159,46.84493,2026-08-14 10:02:40+00:00,2026-09-08T10:40:20.000Z,Medium
263,263,Helium,HNT,Helium,['https://coin-images.coingecko.com/coins/images/4284/large/helium_logo_use.png?1748092589'],0.575105,108199256,262.0,108199256.0,13088462.0,0.616856,0.527934,0.02001646,3.26612,3910820.0,3.75,188084946.7235922,188084946.7235922,223000000.0,54.88,-98.95201,2021-11-12 15:08:25+00:00,0.113248,407.82973,2020-04-17 16:19:10+00:00,2026-09-08T10:40:20.000Z,Medium
264,264,Instadapp,FLUID,Fluid,['https://coin-images.coingecko.com/coins/images/14688/large/Frame_1686566116_%281%29_%281%29.png?1784708239'],1.28,107493157,263.0,128431319.0,1122339.0,1.31,1.27,0.01510026,1.20453,1269379.0,1.195,83696996.82034639,100000000.0,100000000.0,24.4,-94.73687,2021-06-16 12:02:32+00:00,0.366538,250.372,2022-12-28 08:20:48+00:00,2026-09-08T10:40:20.000Z,Medium
265,265,Nxm,NXM,Nexus Mutual,['https://coin-images.coingecko.com/coins/images/11810/large/NXMmain.png?1696511684'],63.75,107463135,264.0,107463135.0,6277292.0,64.05,62.88,0.03094014,0.04856,-86312.4734390378,-0.08025,1685650.340676905,1685650.340676905,1000000000.0,185.97,-65.72,2021-11-10 07:14:14+00:00,6.96,815.59113,2020-07-22 11:54:06+00:00,2026-09-08T10:40:20.000Z,Medium
266,266,Sentient,SENT,Sentient,['https://coin-images.coingecko.com/coins/images/70508/large/SENTIENT-Icon-BlushForce-L.png?1762267532'],0.01482648,107318339,265.0,509462579.0,18687916.0,0.01544713,0.01374483,0.00105625,7.65979,7651039.0,7.67658,7237882055.0,34359738368.0,34359738368.0,0.04805315,-69.14567,2026-01-31 16:00:25+00:00,0.01130719,31.12431,2026-07-29 07:25:50+00:00,2026-09-08T10:40:20.000Z,Medium
267,267,Mina-Protocol,MINA,Mina Protocol,['https://coin-images.coingecko.com/coins/images/15628/large/JM4_vQ34_400x400.png?1696515261'],0.082379,106576462,266.0,106576462.0,9428116.0,0.083785,0.079249,0.00255971,3.21097,3320290.0,3.21558,1293631019.840039,1293631019.840039,1000000000.0,9.09,-99.09378,2021-05-31 17:42:37+00:00,0.0366688,124.65581,2026-06-30 13:00:40+00:00,2026-09-08T10:40:20.000Z,Medium
268,268,Prometeus,PROM,Prom,['https://coin-images.coingecko.com/coins/images/8825/large/Ticker.png?1696508978'],5.81,106269306,268.0,112092282.0,17286753.0,5.94,5.46,0.03894249,0.37595,896416.0,0.85071,18250000.0,19250000.0,19250000.0,105.94,-94.51295,2021-04-29 17:09:49+00:00,0.088747,6449.86131,2019-11-08 05:37:42+00:00,2026-09-08T10:40:20.000Z,Medium
269,269,Tradable-Na-Third-Party-Online-Merchant-Sstn,PC0000015,Tradable NA Third Party Online Merchant SSTN,['https://coin-images.coingecko.com/coins/images/66880/large/tradable.jpg?1750921859'],1.0,105971760,269.0,105971760.0,6277292.0,1.0,1.0,0.0,0.0,0.0,0.0,105971759.52,105971759.52,350000000.0,1.0,0.0,2025-07-03 02:25:11+00:00,1.0,0.0,2026-07-23 07:25:00+00:00,2026-09-08T10:40:20.000Z,Medium
270,270,Anonymous-Cat,ZCAT,Anonymous Cat,['https://coin-images.coingecko.com/coins/images/102176753/large/zcat.webp?1788637007'],0.109338,105787963,267.0,105787907.0,24606374.0,0.17443,0.084153,-0.0256266539420948,-18.62816,-24983241.13677345,-19.10454,968902280.907852,968901767.890372,1000000000.0,0.175532,-37.71064,2026-09-07 00:53:50+00:00,0.02244425,387.15334,2026-09-05 19:58:20+00:00,2026-09-08T10:40:20.000Z,Medium
271,271,Sosovalue,SOSO,SoSoValue,['https://coin-images.coingecko.com/coins/images/53919/large/soso.jpg?1737717378'],0.30813,105384094,270.0,308139230.0,4344937.0,0.311571,0.306947,-0.0007181672668632,-0.27539,-242559.289846316,-0.22964,342001548.0,1000000000.0,1000000000.0,1.42,-78.3088,2025-01-25 04:11:14+00:00,0.267867,15.03102,2026-06-14 00:52:00+00:00,2026-09-08T10:40:20.000Z,Medium
272,272,Celium,SN51,lium,['https://coin-images.coingecko.com/coins/images/66328/large/lium_Icon_FullColor_500x500.png?1766792920'],22.4,104717683,271.0,104717683.0,1231986.0,23.15,21.0,-0.9579632996069236,-4.44853,-4284270.18826969,-3.93045,4674309.596298378,4674309.596298378,21000000.0,37.11,-39.63378,2025-07-17 22:21:06+00:00,0.164238,13540.17396,2026-03-26 07:56:00+00:00,2026-09-08T10:40:20.000Z,Medium
273,273,Dydx-Chain,DYDX,dYdX,['https://coin-images.coingecko.com/coins/images/32594/large/dydx.png?1698673495'],0.122688,103848127,272.0,117625317.0,4815409.0,0.12778,0.118677,0.00052833,0.35513,489243.0,0.47334,846094216.4335754,958342751.0,1000000000.0,4.52,-97.28485,2024-03-07 14:19:11+00:00,0.078815,55.66588,2026-03-07 19:05:30+00:00,2026-09-08T10:40:20.000Z,Medium
274,274,Geodnet,GEOD,Geodnet,['https://coin-images.coingecko.com/coins/images/31608/large/Circular_White.png?1696530424'],0.223955,103555796,273.0,215544464.0,1021058.0,0.231844,0.224242,-0.0028900007523793,-1.53273,-1330576.5456535518,-1.26859,462370402.618101,962393067.618101,1000000000.0,0.374342,-40.17371,2025-01-25 12:51:06+00:00,0.03417228,555.37005,2023-09-13 00:00:24+00:00,2026-09-08T10:40:20.000Z,Medium
275,275,Securitize-Tokenized-Aaa-Clo-Fund,STAC,Securitize Tokenized AAA CLO Fund,['https://coin-images.coingecko.com/coins/images/71167/large/stac_logo.png?1766163743'],1030.66,103269590,274.0,103269590.0,6277292.0,1034.49,1028.96,-0.9878083510373016,-0.09575,-98976.4219237715,-0.09575,100198.000776,100198.000776,1000000000.0,1050.06,-1.84781,2026-08-19 15:30:00+00:00,997.66,3.30722,2026-02-05 16:15:06+00:00,2026-09-08T10:40:20.000Z,Medium
276,276,Chip-2,CHIP,USD.AI,['https://coin-images.coingecko.com/coins/images/102171777/large/CHIP_Token_Logo_Large.png?1776777444'],0.051235,102475992,275.0,512379959.0,12677047.0,0.05542,0.050337,-0.0026887683842942,-5.11604,-5371659.932535082,-4.98079,2000000000.0,10000000000.0,10000000000.0,0.140189,-63.45296,2026-04-23 01:38:00+00:00,0.02161887,136.99228,2026-08-09 23:50:20+00:00,2026-09-08T10:40:20.000Z,Medium
277,277,Genius-3,GENIUS,Genius,['https://coin-images.coingecko.com/coins/images/71660/large/genius.png?1768804210'],0.2995,100452103,276.0,285733994.0,7761812.0,0.300772,0.289116,0.00505006,1.57418,1700355.0,1.72185,335377059.0,953973324.2879035,1000000000.0,0.95329,-68.5825,2026-04-18 11:06:00+00:00,0.272078,10.0788,2026-08-28 16:25:20+00:00,2026-09-08T10:40:20.000Z,Medium
278,278,Circle-Internet-Group-Bstock,CRCLB,Circle Internet Group (bStocks Tokenized Stock),['https://coin-images.coingecko.com/coins/images/102173742/large/circle-internet-group-tokenized-bStocks-crclb.png?1781196448'],100.34,100207923,277.0,100236216.0,12461778.0,103.47,99.07,-2.7062023216420528,-2.69037,-2742452.8802969903,-2.66386,998639.6061466,999272.97926777,1000000000.0,105.64,-5.01323,2026-09-07 00:07:10+00:00,58.2,72.39906,2026-08-03 14:09:10+00:00,2026-09-08T10:40:20.000Z,Medium
279,279,Tradable-Latam-Middle-Market-Lender-Sstl,PC0000085,Tradable LatAm Middle-Market Lender SSTL,['https://coin-images.coingecko.com/coins/images/66877/large/tradable.jpg?1750921571'],1.0,100124199,278.0,100124199.0,6277292.0,1.0,1.0,0.0,0.0,0.0,0.0,100124198.51,100124198.51,150000000.0,1.0,0.0,2025-07-03 02:25:10+00:00,1.0,0.0,2026-07-23 07:25:00+00:00,2026-09-08T10:40:20.000Z,Medium
280,280,Unity-Usd,UUSD,Unity USD,['https://coin-images.coingecko.com/coins/images/102172413/large/UUSD.png?1773390929'],1.0,100016386,279.0,100016386.0,3678099.0,1.007,0.994153,6.735e-05,-0.01132,7174.77,0.00717,100000000.0,100000000.0,1000000000.0,1.26,-20.36185,2026-07-09 09:46:00+00:00,0.840277,19.02734,2026-07-24 09:07:20+00:00,2026-09-08T10:40:20.000Z,Medium
281,281,Tradable-Singapore-Fintech-Ssl,PC0000077,Tradable Singapore Fintech SSL,['https://coin-images.coingecko.com/coins/images/66878/large/tradable.jpg?1750921608'],1.0,100000000,280.0,184416216.0,6277292.0,1.0,1.0,0.0,0.0,0.0,0.0,100000000.0,100000000.0,100000000.0,1.0,0.0,2025-07-03 02:25:10+00:00,1.0,0.0,2026-07-23 07:25:00+00:00,2026-09-08T10:40:20.000Z,Medium
282,282,Aethir,ATH,Aethir,['https://coin-images.coingecko.com/coins/images/36179/large/logogram_circle_dark_green_vb_green_%281%29.png?1718232706'],0.0049171,98964550,281.0,206496085.0,8550894.0,0.00499318,0.00468783,0.00018713,3.94933,3756089.0,3.94512,20128764593.0,42000000000.0,42000000000.0,0.118536,-95.85181,2024-06-12 02:00:49+00:00,0.00364136,35.03478,2026-08-14 11:02:20+00:00,2026-09-08T10:40:20.000Z,Medium
283,283,Bermuda-Shorts,SHORT,Bermuda Shorts,['https://coin-images.coingecko.com/coins/images/55052/large/20250304_082156_%281%29.png?1743439016'],2.5e-05,97552718,282.0,97552718.0,2875.08,2.502e-05,2.223e-05,2.04e-06,8.78518,0.0,0.0,4000000000000.0,3999999490.0,4000000000000.0,0.000621,-95.97375,2025-11-09 01:41:31+00:00,2.67934e-10,9331644.90844,2026-04-02 08:14:00+00:00,2026-09-08T10:40:20.000Z,Medium
284,284,Wemix-Token,WEMIX,WEMIX,['https://coin-images.coingecko.com/coins/images/12998/large/wemixcoin_color_200.png?1696512788'],0.194551,97100905,283.0,108929167.0,433626.0,0.19683,0.192719,-0.0014897078413577,-0.82466,-736618.3163952082,-0.7529,499089617.2830705,559886679.4927065,590000000.0,24.71,-99.21272,2021-11-21 09:33:44+00:00,0.128398,51.52157,2021-06-22 04:52:49+00:00,2026-09-08T10:40:20.000Z,Medium
285,285,Gala,GALA,GALA,['https://coin-images.coingecko.com/coins/images/12493/large/GALA_token_image_-_200PNG.png?1709725869'],0.00191775,95634127,284.0,95634204.0,30460080.0,0.00197621,0.00187879,1.035e-05,0.54907,587483.0,0.6181,49860303380.05603,49860303339.76813,50000000000.0,0.824837,-99.7675,2021-11-25 17:03:48+00:00,0.00013475,1323.19628,2020-12-28 00:46:48+00:00,2026-09-08T10:40:20.000Z,Medium
286,286,Apollo-Diversified-Credit-Securitize-Fund,ACRED,Apollo Diversified Credit Securitize Fund,['https://coin-images.coingecko.com/coins/images/54809/large/ACRED.png?1741801356'],1110.79,95499215,285.0,95499215.0,6277292.0,1114.93,1108.97,-1.0646144902736978,-0.09575,-91529.0805428028,-0.09575,85973.91955400001,85973.91955400001,1000000000.0,1123.32,-1.11518,2026-08-25 02:20:00+00:00,1004.33,10.59989,2025-04-09 06:50:03+00:00,2026-09-08T10:40:20.000Z,Medium
287,287,A-Meme-Coin,AMC,A Meme Coin,['https://coin-images.coingecko.com/coins/images/102176700/large/amc.jpg?1788511294'],0.094292,94963439,286.0,94963439.0,47576029.0,0.141797,0.08602,-0.0222195431637063,-19.05796,-21548448.209881216,-18.49463,1000000000.0,1000000000.0,1000000000.0,0.150932,-37.52672,2026-09-04 07:10:00+00:00,8.571e-05,109909.54929,2026-09-04 00:18:00+00:00,2026-09-08T10:40:20.000Z,Medium
288,288,Usda-2,USDA,USDa,['https://coin-images.coingecko.com/coins/images/51599/large/SUSDA.png?1731604761'],0.967102,94542304,260.0,94542304.0,10.67,0.3448725,0.3210785,0.0,0.0,7.4505e-09,0.0,97758337.66345324,97749091.21010824,1000000000.0,1.021,-5.32297,2025-01-13 07:25:59+00:00,0.359131,169.28951,2026-08-10 09:30:10+00:00,2026-08-14T08:19:10.000Z,Medium
289,289,Qtum,QTUM,Qtum,['https://coin-images.coingecko.com/coins/images/684/large/Qtum_Logo_blue_CG.png?1696501874'],0.888613,94286393,287.0,95814245.0,1837571.0,0.895453,0.870997,0.0172911,1.9386,1837000.0,1.98703,106103072.0,107822406.0,1000000000.0,100.22,-99.11337,2018-01-05 16:00:00+00:00,0.627909,41.51943,2026-08-12 04:00:30+00:00,2026-09-08T10:40:20.000Z,Medium
290,290,Bitget-Wrapped-Btc,BGBTC,Bitget Wrapped BTC,['https://coin-images.coingecko.com/coins/images/102172988/large/20260423-114744.png?1777014158'],78967.0,93500219,288.0,93500219.0,127576.0,79690.0,78570.0,-444.767574218713,-0.5663,-523889.6246621907,-0.55719,1184.0,1184.0,1000000000.0,82700.0,-4.51336,2026-05-06 11:25:00+00:00,58296.0,35.45943,2026-06-30 18:57:10+00:00,2026-09-08T10:40:20.000Z,Medium
291,291,Unitas,UP,Unitas,['https://coin-images.coingecko.com/coins/images/71531/large/Logo_Mark_200.png?1772722048'],0.429978,92910412,291.0,430140974.0,21278347.0,0.440091,0.408811,0.00449249,0.98354,1005526.0,1.09409,215999885.54150105,999999885.541501,1000000000.0,0.522624,-17.72698,2026-08-31 23:29:20+00:00,0.067618,535.88849,2026-03-14 04:06:10+00:00,2026-09-08T10:40:20.000Z,Medium
292,292,Newton-Project,AB,AB,['https://coin-images.coingecko.com/coins/images/4376/large/400%E6%96%B9.png?1740377493'],0.0009394,92842933,290.0,92842933.0,373565.0,0.00094165,0.000931,1.11e-06,0.17894,117119.0,0.12631,98823661261.46,98823661261.46,100000000000.0,0.01727373,-94.56167,2025-03-22 00:04:44+00:00,3.8e-06,24589.73572,2022-10-10 18:32:18+00:00,2026-09-08T10:40:20.000Z,Medium
293,293,Ordinals,ORDI,ORDI,['https://coin-images.coingecko.com/coins/images/30162/large/ordi.png?1696529082'],4.41,92742365,289.0,92742365.0,18848668.0,4.47,4.23,0.15272,3.8119,3239298.0,3.6192,21000000.0,21000000.0,1000000000.0,95.52,-95.37829,2024-03-04 17:45:22+00:00,2.1,109.79851,2026-03-29 22:48:00+00:00,2026-09-08T10:40:20.000Z,Medium
294,294,Zano,ZANO,Zano,['https://coin-images.coingecko.com/coins/images/8370/large/Icon-App-512x512.png?1761825305'],5.98,92471495,292.0,92477268.0,1618420.0,6.79,5.97,-0.4012177556955301,-6.37609,-6109795.246143609,-6.19772,15447433.92,15448455.37,1000000000.0,17.81,-66.41891,2025-01-07 06:41:15+00:00,0.146452,3983.7502,2019-12-16 11:21:13+00:00,2026-09-08T10:40:20.000Z,Medium
295,295,Pearl-2,PRL,Pearl,['https://coin-images.coingecko.com/coins/images/102173580/large/pearl.png?1780324634'],0.360024,91806510,293.0,755917890.0,459873.0,0.378707,0.35933,-0.0093216639204246,-2.57919,-2393575.0848704576,-2.54095,255045783.0,2100000000.0,2100000000.0,0.739151,-51.29222,2026-06-24 12:29:00+00:00,0.139936,157.27795,2026-07-23 01:44:40+00:00,2026-09-08T10:40:20.000Z,Medium
296,296,Dai-On-Pulsechain,DAI,DAI on PulseChain,['https://coin-images.coingecko.com/coins/images/36735/large/pDAI_200x200.png?1712451453'],0.00206478,91568396,294.0,91568396.0,337961.0,0.00221774,0.00197343,-0.0001258459772892,-5.77846,-5612631.169706285,-5.77544,44362159380.28203,44362159380.28203,1000000000.0,0.03373531,-93.87946,2024-11-28 23:29:41+00:00,1.02312e-13,2018121652921.433,2024-06-11 13:34:57+00:00,2026-09-08T10:40:20.000Z,Medium
297,297,Reserve-Rights-Token,RSR,Reserve Rights,['https://coin-images.coingecko.com/coins/images/8365/large/RSR_Blue_Circle_1000.png?1721777856'],0.0014615,91423673,295.0,146153532.0,14256610.0,0.00146244,0.00140464,1.704e-05,1.11683,1067976.0,1.18197,62553174091.0,100000000000.0,100000000000.0,0.117424,-98.75536,2021-04-16 09:45:02+00:00,0.0010462,39.69574,2026-07-01 08:51:20+00:00,2026-09-08T10:40:20.000Z,Medium
298,298,Baby-Claw,BABYCLAW,Baby Claw,['https://coin-images.coingecko.com/coins/images/102172057/large/2.jpg?1771331936'],0.091376,91376294,248.5,91376294.0,5.43,0.3448725,0.3210785,0.0,0.0,7.4505e-09,0.0,1000000000.0,1000000000.0,1000000000.0,0.00048369,18791.64389,2026-02-17 04:44:17+00:00,3.632e-05,251496.12852,2026-03-02 21:55:35+00:00,2026-03-20T21:06:00.000Z,Medium
299,299,Nest-Blackopal-Liquidstone-Ii-Vault,NOPAL,Nest BlackOpal LiquidStone II Vault,['https://coin-images.coingecko.com/coins/images/70787/large/BlackOpal_Vault.png?1763752532'],1.094,90048939,296.0,90048939.0,6277292.0,1.094,1.094,0.000198,0.0181,2219752.0,2.52735,82318039.880243,82318039.880243,1000000000.0,1.25,-12.17818,2026-06-16 02:07:00+00:00,0.958277,14.15434,2026-06-15 19:19:20+00:00,2026-09-08T10:40:20.000Z,Medium
300,300,Debridge,DBR,deBridge,['https://coin-images.coingecko.com/coins/images/38019/large/DBR_icon_Color.png?1724708885'],0.01516103,89889935,297.0,151617232.0,875662.0,0.01518115,0.01489832,0.00021328,1.43475,1268557.0,1.43143,5928741329.0,10000000000.0,10000000000.0,0.05521,-72.53951,2024-12-21 16:26:03+00:00,0.01235762,22.68568,2026-04-19 22:24:00+00:00,2026-09-08T10:40:20.000Z,Medium
301,301,Digibyte,DGB,DigiByte,['https://coin-images.coingecko.com/coins/images/63/large/digibyte.png?1696501454'],0.00485573,89638208,298.0,89643114.0,3145289.0,0.00493006,0.00463683,-3.1946078067233e-05,-0.6156,-594750.009011671,-0.65913,18461824010.420696,18462848638.7177,21000000000.0,0.178084,-97.27335,2021-04-30 16:19:01+00:00,3.099e-05,15570.41176,2015-01-13 16:00:00+00:00,2026-09-08T10:40:20.000Z,Medium
302,302,Plume,PLUME,Plume,['https://coin-images.coingecko.com/coins/images/53623/large/PLUME_%281%29.png?1786085730'],0.0138829,88756524,299.0,138811640.0,9000321.0,0.01451059,0.0137639,-0.0004706383538141,-3.37508,-3020355.9427288026,-3.29098,6394026052.0,10000000000.0,10000000000.0,0.247537,-94.39158,2025-03-19 14:25:55+00:00,0.00854877,62.39639,2026-02-28 02:16:31+00:00,2026-09-08T10:40:20.000Z,Medium
303,303,Velo,VELO,Velo,['https://coin-images.coingecko.com/coins/images/12538/large/Logo_200x_200.png?1696512350'],0.00504556,88634075,300.0,121111403.0,1800357.0,0.00513745,0.00470192,0.00032573,6.88401,5735636.0,6.91887,17563876115.0,23999637580.36017,1000000000.0,2.29,-99.77932,2021-03-08 02:16:26+00:00,0.00103046,389.63899,2022-12-19 17:50:14+00:00,2026-09-08T10:40:20.000Z,Medium
304,304,Goldfish-Gold,GGBR,Goldfish Gold,['https://coin-images.coingecko.com/coins/images/102172212/large/goldfish_logo_200x200.png?1772212434'],4.4,88583410,301.0,109900409.0,95321.0,4.48,4.38,0.01071091,0.2458,218406.0,0.24716,20150837.19678837,25000000.0,1000000000.0,5.39,-18.46339,2026-03-02 06:11:24+00:00,1.85,138.09385,2026-09-01 07:44:20+00:00,2026-09-08T10:40:20.000Z,Medium
305,305,Mag7-Ssi,MAG7.SSI,MAG7.ssi,['https://coin-images.coingecko.com/coins/images/52962/large/mag7.png?1734863745'],0.526899,88475878,302.0,88475878.0,437404.0,0.532853,0.523661,-0.0043476165307103,-0.85065,-740477.1931015104,-0.82998,167937671.7776,167937671.7776,1000000000.0,1.35,-60.82825,2024-12-27 04:21:57+00:00,0.376104,40.0941,2026-06-25 14:05:50+00:00,2026-09-08T10:40:20.000Z,Medium
306,306,Gmx,GMX,GMX,['https://coin-images.coingecko.com/coins/images/18323/large/arbit.png?1696517814'],8.38,87664045,303.0,87664045.0,5489242.0,8.56,8.31,-0.0204806904605039,-0.55738,-211688.6045867056,-0.2409,10455776.07929712,10455776.07929712,13250000.0,91.07,-90.79355,2023-04-18 02:00:25+00:00,4.81,74.366,2026-07-01 06:49:50+00:00,2026-09-08T10:40:20.000Z,Medium
307,307,O1-Exchange,O,o1.exchange,['https://coin-images.coingecko.com/coins/images/102173974/large/o1.png?1781654491'],0.543291,86950403,304.0,543440016.0,3558149.0,0.560721,0.530642,0.01232428,2.477,1995707.0,2.34914,160000000.0,1000000000.0,1000000000.0,0.941511,-42.29584,2026-06-20 10:44:00+00:00,0.334755,62.29492,2026-06-17 15:39:40+00:00,2026-09-08T10:40:20.000Z,Medium
308,308,Pleasing-Gold,PGOLD,Pleasing Gold,['https://coin-images.coingecko.com/coins/images/70395/large/%E9%BB%84%E9%87%91.png?1761795141'],4448.93,86776568,307.0,86776568.0,2.0,0.3448725,0.3210785,0.0,0.0,7.4505e-09,0.0,19505.05044,19505.05044,1000000000.0,5507.64,-19.22254,2026-01-29 00:57:20+00:00,23.41,18905.15437,2026-04-23 14:05:00+00:00,2026-09-06T17:27:10.000Z,Medium
309,309,Niu-Lai,牛来,牛来 (Niu Lai),['https://coin-images.coingecko.com/coins/images/102175567/large/niulai.webp?1786873800'],0.086229,86209531,305.0,86209531.0,25413484.0,0.094141,0.077322,-0.0051534703027787,-5.71722,-5172946.802820072,-5.66076,1000000000.0,1000000000.0,1000000000.0,0.139289,-38.09339,2026-09-05 17:26:30+00:00,0.01055411,717.01864,2026-08-16 13:02:40+00:00,2026-09-08T10:40:20.000Z,Medium
310,310,Yzy,YZY,YZY,['https://coin-images.coingecko.com/coins/images/68439/large/yzy.png?1755756963'],0.28817,86154722,306.0,288177791.0,679.56,0.294079,0.288157,-5.1560903226222e-05,-0.01836,-12920.237742319703,-0.01499,298963599.350368,999999392.826614,1000000000.0,2.95,-90.22494,2025-08-20 18:38:44+00:00,0.188434,52.92853,2025-10-10 13:36:03+00:00,2026-09-08T10:40:20.000Z,Medium
311,311,0X,ZRX,0x Protocol,['https://coin-images.coingecko.com/coins/images/863/large/0x.png?1696501996'],0.101112,85786353,307.0,101115866.0,16885235.0,0.105244,0.10239,-0.0024538662010341,-2.49122,-2078252.6112674177,-2.36529,848396562.906836,1000000000.0,1000000000.0,2.5,-95.95058,2018-01-12 16:00:00+00:00,0.073101,38.31819,2026-08-18 04:04:50+00:00,2026-09-08T10:40:20.000Z,Medium
312,312,Orca,ORCA,Orca,['https://coin-images.coingecko.com/coins/images/17547/large/Orca_Logo.png?1696517083'],1.41,85682867,308.0,105695813.0,38956936.0,1.61,1.41,-0.1232928491500113,-7.68596,-7488097.612934932,-8.03694,60798772.606261,74999540.939885,100000000.0,20.33,-93.06933,2021-10-02 12:14:11+00:00,0.351125,301.32608,2022-06-19 11:34:08+00:00,2026-09-08T10:40:20.000Z,Medium
313,313,Nexus-4,NEX,Nexus,['https://coin-images.coingecko.com/coins/images/102173233/large/nexus.jpg?1778490588'],1.42e-06,85436163,309.0,142393604.0,378115.0,1.45e-06,1.42e-06,-2.7514996784e-08,-1.87141,-1640645.5494725108,-1.88414,60000000000000.0,100000000000000.0,100000000000000.0,6.95e-06,-79.52065,2026-05-21 08:49:00+00:00,1.41e-06,0.95172,2026-08-09 16:50:30+00:00,2026-09-08T10:40:20.000Z,Medium
314,314,Safe,SAFE,Safe,['https://coin-images.coingecko.com/coins/images/27032/large/Artboard_1_copy_8circle-1.png?1696526084'],0.109072,84892931,310.0,109495849.0,4009633.0,0.112829,0.09656,0.01060673,11.76621,8552312.0,11.20283,775307296.0,1000000000.0,1000000000.0,3.56,-96.93479,2024-04-22 23:10:17+00:00,0.075294,44.8605,2026-06-24 17:48:30+00:00,2026-09-08T10:40:20.000Z,Medium
315,315,Cap-Usd,CUSD,Cap USD,['https://coin-images.coingecko.com/coins/images/68272/large/cUSD_ab_500%C3%97500.png?1755232868'],0.999829,84808643,311.0,84958318.0,6277292.0,0.999891,0.999829,-6.2239999999991e-05,-0.00622,80511.0,0.09502,84823166.89336747,84972867.52308978,1000000000.0,1.17,-14.56582,2025-10-10 13:42:31+00:00,0.515274,94.03827,2026-06-10 23:59:30+00:00,2026-09-08T10:40:20.000Z,Medium
316,316,Wrappedm-By-M0,WM,WrappedM by M0,['https://coin-images.coingecko.com/coins/images/55070/large/wm.jpg?1743589588'],0.999657,83651022,312.0,83651022.0,36853.0,1.0,0.999622,-0.0001845994472263,-0.01893,-238250.26834526655,-0.28401,83677257.351997,83677267.351997,1000000000.0,15.4,-93.50733,2025-09-04 08:49:45+00:00,0.969044,3.15916,2025-09-20 04:44:48+00:00,2026-09-08T10:40:20.000Z,Medium
317,317,Banana-For-Scale-2,BANANAS31,Banana For Scale,['https://coin-images.coingecko.com/coins/images/52230/large/Banana_token_image.png?1732801941'],0.00830328,83046583,313.0,83046583.0,3558122.0,0.00841056,0.0081494,-1.0230446882979e-05,-0.21716,-88557.7093103081,-0.10652,10000000000.0,10000000000.0,10000000000.0,0.057741,-85.61966,2025-07-10 17:35:56+00:00,0.00072336,1047.8805,2025-02-02 21:11:44+00:00,2026-09-08T10:40:20.000Z,Medium
318,318,Bending-Spoons-Xstock,BSPX,Bending Spoons xStock,['https://coin-images.coingecko.com/coins/images/102174230/large/BSPx.png?1782604454'],40.0,83005800,315.0,83005800.0,66.34,0.3448725,0.3210785,0.0,0.0,7.4505e-09,0.0,2075073.634063958,2075073.634063958,1000000000.0,58.64,-31.78843,2026-08-11 16:39:50+00:00,28.12,42.27159,2026-07-02 19:56:30+00:00,2026-09-06T08:01:40.000Z,Medium
319,319,Targon,SN4,Targon,['https://coin-images.coingecko.com/coins/images/66342/large/sn4.png?1749239249'],14.78,82896044,315.0,82896044.0,218720.0,16.34,14.55,-0.7285477942864258,-5.0804,-3959017.901288837,-4.55819,5607876.562624281,5607876.562624281,21000000.0,39.23,-62.32514,2025-06-10 04:01:00+00:00,0.107935,13594.91409,2026-04-15 12:28:00+00:00,2026-09-08T10:40:20.000Z,Medium
320,320,Kaito,KAITO,KAITO,['https://coin-images.coingecko.com/coins/images/54411/large/Qm4DW488_400x400.jpg?1739552780'],0.343482,82890596,314.0,343390272.0,33305854.0,0.345147,0.313574,0.0265987,8.40274,6398471.0,8.36488,241388889.0,1000000000.0,1000000000.0,2.88,-88.0912,2025-02-27 00:58:05+00:00,0.275928,24.48238,2026-02-05 16:30:16+00:00,2026-09-08T10:40:20.000Z,Medium
321,321,Gas,GAS,Gas,['https://coin-images.coingecko.com/coins/images/858/large/GAS_512_512.png?1696501992'],1.27,82466457,316.0,82466457.0,884492.0,1.28,1.23,0.0380985,3.0804,2473822.0,3.09256,65093580.54427269,65093580.54427269,1000000000.0,91.94,-98.62195,2018-01-14 16:00:00+00:00,0.621309,103.92206,2020-03-12 18:24:16+00:00,2026-09-08T10:40:20.000Z,Medium
322,322,Unitywallet-Token,UNT,UnityWallet Token,['https://coin-images.coingecko.com/coins/images/71637/large/unity_wallet_logo.png?1768642266'],0.124532,81813777,317.0,124485696.0,17320.41,0.135643,0.118323,-0.0019757197295145,-1.22939,-1328724.809051931,-1.59813,657214270.0538905,999999985.0538903,1000000000.0,0.153578,-18.91301,2026-09-05 16:12:30+00:00,0.04934818,152.35323,2026-02-05 16:30:17+00:00,2026-09-08T10:40:20.000Z,Medium
323,323,Yearn-Finance,YFI,yearn.finance,['https://coin-images.coingecko.com/coins/images/11849/large/yearn.jpg?1696511720'],2267.2,81794325,318.0,83132142.0,16634259.0,2337.97,2240.74,-42.13702241560668,-1.90413,-1517310.141452372,-1.82125,36075.94701468851,36666.0,36666.0,90787.0,-97.50272,2021-05-11 16:29:37+00:00,31.65,7064.45914,2020-07-18 04:26:27+00:00,2026-09-08T10:40:20.000Z,Medium
324,324,Aioz-Network,AIOZ,AIOZ Network,['https://coin-images.coingecko.com/coins/images/14631/large/aioz-logo-200.png?1696514309'],0.063882,81650884,320.0,81659950.0,4189088.0,0.065461,0.060993,0.00215194,3.11391,2841613.0,3.60568,1276745390.1209807,1276895366.865795,1000000000.0,2.65,-97.59018,2021-04-03 03:55:34+00:00,0.01099588,480.96338,2023-09-13 11:20:42+00:00,2026-09-08T10:40:20.000Z,Medium
325,325,Usda-3,USDA,USDA,['https://coin-images.coingecko.com/coins/images/68094/large/IMG_0632.jpeg?1754724345'],0.934406,81263712,319.0,81263712.0,155931.0,0.944157,0.932812,-0.0051376725549435,-0.54465,-445785.3792873025,-0.54557,86967248.38104062,86967248.38104062,1000000000.0,1.19,-21.65992,2025-12-20 17:11:39+00:00,0.590562,58.22299,2025-10-09 07:07:59+00:00,2026-09-08T10:40:20.000Z,Medium
326,326,Circle-Xstock,CRCLX,Circle xStock,['https://coin-images.coingecko.com/coins/images/66918/large/CRCLx.png?1751052233'],100.42,81160545,321.0,306758936.0,4577081.0,103.48,99.3,-2.566608700396785,-2.50562,-2341015.69259876,-2.80356,808156.5152699774,3054553.556481563,1000000000.0,257.13,-60.94599,2025-07-18 06:16:12+00:00,48.02,109.12846,2026-02-05 16:15:30+00:00,2026-09-08T10:40:20.000Z,Medium
327,327,Beam-2,BEAM,Beam,['https://coin-images.coingecko.com/coins/images/32417/large/cgicon.png?1747892021'],0.00157796,80887966,322.0,92193319.0,4494960.0,0.00158073,0.00152512,1.595e-05,0.97206,756217.0,0.94372,51300184687.0,58470184687.0,58470184687.0,0.04416304,-96.42696,2024-03-10 02:40:22+00:00,0.00121358,30.02529,2026-06-25 13:59:50+00:00,2026-09-08T10:40:20.000Z,Medium
328,328,3Jane-Usd3,USD3,3Jane USD3,['https://coin-images.coingecko.com/coins/images/102176550/large/20.png?1788098498'],1.19,80704428,323.0,80703455.0,617069.0,1.2,1.18,0.00464416,0.39269,243867.0,0.30309,68051204.616737,68050472.418225,1000000000.0,1.2,-1.16866,2026-09-07 09:44:40+00:00,1.17,1.10983,2026-08-31 05:52:10+00:00,2026-09-08T10:40:20.000Z,Medium
329,329,Tagger,TAG,TAGGER,['https://coin-images.coingecko.com/coins/images/53206/large/IMG_3196.png?1735664645'],0.0007411,80701818,325.0,300510045.0,1637805.0,0.0007493,0.00069027,5.103e-05,7.44982,5577518.0,7.42439,108864805114.16998,405380800000.0,405380800000.0,0.00218685,-66.11095,2026-05-04 06:41:00+00:00,1.934e-05,3731.2637,2025-03-12 05:57:01+00:00,2026-09-08T10:40:20.000Z,Medium
330,330,Proton,XPR,XPR Network,['https://coin-images.coingecko.com/coins/images/10941/large/XPR.jpg?1696510891'],0.00281499,80667099,324.0,91187672.0,1961514.0,0.0028622,0.00279862,-1.1935802321375e-05,-0.43744,-331845.2589677572,-0.40969,28652669445.0618,32389539911.0547,1000000000.0,0.100088,-97.18749,2020-04-27 00:45:16+00:00,0.00054716,414.46835,2023-10-19 02:05:22+00:00,2026-09-08T10:40:20.000Z,Medium
331,331,Bulla-3,BULLA,BULLA,['https://coin-images.coingecko.com/coins/images/66398/large/hasb.png?1749288195'],0.080412,80414188,326.0,80414188.0,1656966.0,0.082572,0.074604,0.00107812,1.4705,1080322.0,1.36174,1000000000.0,1000000000.0,1000000000.0,0.490702,-83.61286,2026-02-01 00:52:39+00:00,0.00403668,1892.0352,2026-06-06 05:10:00+00:00,2026-09-08T10:40:20.000Z,Medium
332,332,F-X-Protocol-Fxusd,FXUSD,f(x) Protocol fxUSD,['https://coin-images.coingecko.com/coins/images/36202/large/fxUSD.jpg?1710833113'],0.999613,79523662,327.0,79523662.0,3700505.0,1.0,0.999516,-0.0001091939968604,-0.01171,488093.0,0.61756,79552364.15685134,79653464.15685134,1000000000.0,1.038,-3.70073,2026-02-05 16:40:29+00:00,0.953062,4.88444,2024-12-05 07:45:54+00:00,2026-09-08T10:40:20.000Z,Medium
333,333,Cow-Protocol,COW,CoW Protocol,['https://coin-images.coingecko.com/coins/images/24384/large/CoW-token_logo.png?1719524382'],0.136965,78688060,328.0,136970724.0,2774315.0,0.137845,0.131328,0.00371081,2.59064,2135101.0,2.78905,574488169.0034184,1000000000.0,1000000000.0,2.22,-93.82835,2022-03-28 08:24:17+00:00,0.03987045,243.52511,2022-11-09 10:32:42+00:00,2026-09-08T10:40:20.000Z,Low
334,334,Superfarm,SUPER,SuperVerse,['https://coin-images.coingecko.com/coins/images/14040/large/SV-Logo-200x200.png?1706880312'],0.121995,78077192,329.0,121964254.0,2957367.0,0.121985,0.118778,0.00133333,1.1013,833880.0,1.07955,640164549.0,1000000000.0,1000000000.0,4.74,-97.42705,2021-03-30 23:38:55+00:00,0.070397,73.2962,2023-10-18 18:20:23+00:00,2026-09-08T10:40:20.000Z,Low
335,335,Arkham,ARKM,Arkham,['https://coin-images.coingecko.com/coins/images/30929/large/Arkham_Logo_CG.png?1696529771'],0.111774,77695105,330.0,111781133.0,13227684.0,0.11606,0.109829,-0.0008716781589302,-0.6781,-600966.288692683,-0.76756,695064568.0,1000000000.0,1000000000.0,3.98,-97.18883,2024-03-09 16:04:54+00:00,0.085376,30.92044,2026-08-18 22:56:00+00:00,2026-09-08T10:40:20.000Z,Low
336,336,Rif-Token,RIF,Rootstock Infrastructure Framework,['https://coin-images.coingecko.com/coins/images/7460/large/8befc44a46c247e8a3f7fc8abba586b1_%283%29.png?1705501867'],0.077152,77146476,331.0,77146476.0,7768739.0,0.077336,0.074054,0.0002556,0.32625,250489.0,0.32575,1000000000.0,1000000000.0,1000000000.0,0.455938,-83.07848,2021-04-12 13:44:18+00:00,0.0091475,743.41719,2019-06-11 16:00:00+00:00,2026-09-08T10:40:20.000Z,Low
337,337,The-Black-Bull,ANSEM,The Black Bull,['https://coin-images.coingecko.com/coins/images/102174035/large/IMG_9497.jpeg?1782005339'],0.185905,77137096,332.0,185476887.0,21697517.0,0.219018,0.173842,-0.0296616884825668,-13.73351,-12279243.773718208,-13.73266,414792017.430578,997371390.017612,1000000000.0,0.443616,-58.09324,2026-07-06 22:05:30+00:00,0.00014442,128625.88239,2026-06-25 10:22:50+00:00,2026-09-08T10:40:20.000Z,Low
338,338,Na-Post-Settlement-Legal-Financing-Receivables,PC0000101,Tradable NA Post-Settlement Legal Financing Receivables,['https://coin-images.coingecko.com/coins/images/66791/large/tradable.jpg?1750576168'],1.0,76722081,333.0,76722081.0,6277292.0,1.0,1.0,0.0,0.0,0.0,0.0,76722080.574195,76722080.574195,100000000.0,1.0,0.0,2025-07-03 02:05:03+00:00,1.0,0.0,2026-07-23 07:25:00+00:00,2026-09-08T10:40:20.000Z,Low
339,339,Exod,EXOD,EXOD,['https://coin-images.coingecko.com/coins/images/102171773/large/exodus.png?1769612116'],7.33,76527877,334.0,76527877.0,6277292.0,7.33,7.32,0.00393,0.05367,41053.0,0.05367,10446000.0,10446000.0,10446000.0,13.09,-44.03326,2026-02-03 01:55:04+00:00,4.93,48.60799,2026-08-14 11:00:00+00:00,2026-09-08T10:40:20.000Z,Low
340,340,Ai-Rig-Complex,ARC,AI Rig Complex,['https://coin-images.coingecko.com/coins/images/52701/large/u312bPNA_400x400.jpg?1734044765'],0.076183,76176034,335.0,76176034.0,5295403.0,0.077793,0.070325,0.00437603,6.03161,4369864.0,6.08564,999982715.665216,999982715.665216,1000000000.0,0.623197,-87.77539,2025-01-21 19:35:28+00:00,0.00987155,671.74783,2025-10-10 13:33:06+00:00,2026-09-08T10:40:20.000Z,Low
341,341,Cygnus-Finance-Global-Usd,CGUSD,Cygnus Finance Global USD,['https://coin-images.coingecko.com/coins/images/35628/large/cgUSD.png?1709291316'],0.994252,75766838,336.0,75766838.0,7.67,0.996065,0.994224,-0.0001922253730777,-0.01979,-12447.746595963836,-0.01643,76202640.774302,76202640.774302,1000000000.0,1.089,-8.66921,2025-06-06 08:02:30+00:00,0.724325,37.266,2025-09-29 08:58:56+00:00,2026-09-08T10:40:20.000Z,Low
342,342,Tradable-North-America-Pos-Lender-Sstn,PC0000019,Tradable North America PoS Lender SSTN,['https://coin-images.coingecko.com/coins/images/66800/large/tradable.jpg?1750576495'],1.0,75568634,337.0,75568634.0,6277292.0,1.0,1.0,0.0,0.0,0.0,0.0,75568634.0,75568634.0,150000000.0,1.0,0.0,2025-07-03 02:25:08+00:00,1.0,0.0,2026-07-23 07:25:00+00:00,2026-09-08T10:40:20.000Z,Low
343,343,Bedrock-Token,BR,Bedrock,['https://coin-images.coingecko.com/coins/images/54908/large/BR_200px.png?1742453499'],0.258074,75273153,338.0,258079383.0,2923118.0,0.283136,0.248467,0.0053014,2.23322,1547782.0,2.09939,291666666.0,1000000000.0,1000000000.0,0.349123,-26.07932,2026-09-03 14:52:00+00:00,0.03920767,558.22342,2025-04-18 12:21:08+00:00,2026-09-08T10:40:20.000Z,Low
344,344,Livepeer,LPT,Livepeer,['https://coin-images.coingecko.com/coins/images/7137/large/badge-logo-circuit-green.png?1719357686'],1.51,75231854,339.0,75231854.0,18431967.0,1.52,1.45,0.071051,5.00371,3537403.0,4.934,49688954.55,49688954.55,1000000000.0,99.03,-98.47122,2021-11-09 08:58:44+00:00,0.354051,327.59877,2019-10-26 14:59:09+00:00,2026-09-08T10:40:20.000Z,Low
345,345,Adi-Token,ADI,ADI,['https://coin-images.coingecko.com/coins/images/68846/large/ADI_Token-min.png?1765296433'],8.02,75209400,341.0,8018477562.0,5946928.0,8.2,7.98,-0.0027628314265033,-0.00658,-28770.328022181988,-0.03824,9379511.21887064,999999999.0,999999999.0,8.72,-8.04964,2026-06-29 15:14:40+00:00,0.975425,721.99854,2025-12-10 01:46:25+00:00,2026-09-08T10:40:20.000Z,Low
346,346,Helio-Protocol-Hay,LISUSD,Lista USD,['https://coin-images.coingecko.com/coins/images/26947/large/Coingecko_profile_lisUSD_200x200_%281%29.png?1707363097'],0.998148,75050322,342.0,75050322.0,192154.0,0.999845,0.99579,0.00046058,0.0423,38317.0,0.05108,75188157.73356493,75188157.73356493,1000000000.0,2.0,-50.12586,2022-08-25 04:10:21+00:00,0.208609,378.47857,2022-12-01 18:43:06+00:00,2026-09-08T10:40:20.000Z,Low
347,347,Tradable-Na-Neobank-Sstl,PC0000023,Tradable NA Neobank SSTL,['https://coin-images.coingecko.com/coins/images/66797/large/tradable.jpg?1750576441'],1.0,75000000,343.0,75000000.0,6277292.0,1.0,1.0,0.0,0.0,0.0,0.0,75000000.0,75000000.0,150000000.0,1.0,0.0,2025-07-03 02:25:03+00:00,1.0,0.0,2026-07-23 07:25:00+00:00,2026-09-08T10:40:20.000Z,Low
348,348,Kusama,KSM,Kusama,['https://coin-images.coingecko.com/coins/images/9568/large/m4zRhP5e_400x400.jpg?1696509648'],3.99,74842826,344.0,74842826.0,17202799.0,4.08,3.88,0.071945,1.82254,1238904.0,1.6832,18796934.61325703,18796934.61325703,1000000000.0,621.71,-99.35842,2021-05-17 21:04:41+00:00,0.876572,355.03884,2020-01-14 11:20:20+00:00,2026-09-08T10:40:20.000Z,Low
349,349,Walrus-2,WAL,Walrus,['https://coin-images.coingecko.com/coins/images/54914/large/Walrus_Token_Full_Color_200x200.png?1772722407'],0.0291688,74770610,340.0,145822741.0,4995228.0,0.02905607,0.02718303,0.00163868,6.51752,4190265.0,5.93687,2563750000.0,5000000000.0,5000000000.0,0.759179,-96.15785,2025-05-14 00:10:39+00:00,0.02004864,45.49016,2026-08-14 15:06:00+00:00,2026-09-08T10:40:20.000Z,Low
350,350,Felix-Feusd,FEUSD,Felix feUSD,['https://coin-images.coingecko.com/coins/images/55068/large/feusd.jpg?1743581333'],0.99323,74498267,346.0,8838939230.0,72507.0,0.997897,0.989711,0.00252727,0.25437,191526.0,0.25775,75004069.0,8898950700.86841,1000000000.0,1.067,-6.91817,2025-04-02 07:35:18+00:00,0.705908,40.70243,2025-10-10 13:28:16+00:00,2026-09-08T10:40:20.000Z,Low
351,351,Baby-Doge-Coin,BABYDOGE,Baby Doge Coin,['https://coin-images.coingecko.com/coins/images/16125/large/babydoge.jpg?1696515731'],4.0456e-10,74386901,347.0,169928408.0,2945037.0,4.10848e-10,3.94335e-10,-6.03454e-13,-0.48498,-105219.94359190762,-0.14125,1.8385682938813757e+17,4.2e+17,4.2e+17,6.498e-09,-93.77384,2024-12-09 23:26:04+00:00,9.4771e-11,326.88348,2021-06-08 18:48:21+00:00,2026-09-08T10:40:20.000Z,Low
352,352,Midas-Mtbill,MTBILL,Midas mTBILL,['https://coin-images.coingecko.com/coins/images/37839/large/mTBILL_token.png?1728417279'],1.071,74155608,348.0,74155608.0,6277292.0,1.071,1.071,0.0,0.0,399175.0,0.54121,69230493.11254999,69240763.76715945,1000000000.0,1.18,-9.35963,2026-07-15 18:06:50+00:00,0.808522,32.48138,2026-04-20 22:34:00+00:00,2026-09-08T10:40:20.000Z,Low
353,353,Re,RE,RE,['https://coin-images.coingecko.com/coins/images/102173708/large/RE-Token.png?1781031591'],0.464616,74136687,345.0,464515580.0,4948969.0,0.466036,0.446394,0.01705073,4.31866,2705191.0,3.78711,159600000.0,1000000000.0,1000000000.0,1.079,-56.92438,2026-06-20 19:22:00+00:00,0.356989,30.14875,2026-07-20 14:22:20+00:00,2026-09-08T10:40:20.000Z,Low
354,354,Usdsui,USDSUI,USDsui,['https://coin-images.coingecko.com/coins/images/70675/large/usdsui.png?1772769756'],0.999942,74109030,349.0,74109030.0,2719308.0,1.003,0.996943,0.00062574,0.01007,48527.0,0.06552,74111161.57,74111161.57,1000000000.0,1.021,-2.03533,2026-04-20 14:19:00+00:00,0.966852,3.42242,2026-08-22 05:11:30+00:00,2026-09-08T10:40:20.000Z,Low
355,355,Theta-Fuel,TFUEL,Theta Fuel,['https://coin-images.coingecko.com/coins/images/8029/large/1_0YusgngOrriVg4ZYx4wOFQ.png?1696508251'],0.00989447,73604919,350.0,73612126.0,532851.0,0.00973398,0.00945314,0.00018148,2.07441,1159158.0,1.60004,7459006124.0,7459753678.0,1000000000.0,0.68159,-98.54833,2021-06-08 22:50:55+00:00,0.00090804,989.65179,2020-03-12 18:30:37+00:00,2026-09-08T10:40:20.000Z,Low
356,356,Nockchain,NOCK,Nockchain,['https://coin-images.coingecko.com/coins/images/68474/large/GrCcG9N9_400x400.jpg?1755845184'],0.03180683,73450059,351.0,136675426.0,2294191.0,0.03713023,0.03061051,-0.0033729938138395,-9.57204,-7705615.404785946,-9.49486,2308136960.0,4294967296.0,4294967296.0,0.21022,-84.86972,2025-10-17 07:40:33+00:00,0.00442438,618.89828,2026-04-15 02:33:00+00:00,2026-09-08T10:40:20.000Z,Low
357,357,Cap-4,CAP,Cap,['https://coin-images.coingecko.com/coins/images/102174107/large/cap.jpg?1782391237'],0.04674867,72952187,352.0,467642223.0,15992463.0,0.04888558,0.04468389,-0.0026332779181887,-4.95683,-4083657.717415154,-5.30098,1560000000.0,10000000000.0,10000000000.0,0.078256,-40.26163,2026-08-14 14:32:50+00:00,0.01549444,201.71249,2026-07-12 06:06:30+00:00,2026-09-08T10:40:20.000Z,Low
358,358,Fx-Usd-Saving,FXSAVE,f(x) USD Saving,['https://coin-images.coingecko.com/coins/images/67384/large/fxsave.jpg?1752628124'],1.11,72935586,353.0,72935586.0,4251.09,1.12,1.11,-0.0009984817722987,-0.08995,664977.0,0.92012,65420937.04477682,65420937.04477682,1000000000.0,4.68,-76.17917,2026-02-20 23:21:10+00:00,0.985404,13.13469,2026-06-21 22:15:20+00:00,2026-09-08T10:40:20.000Z,Low
359,359,Crown-Brlv,BRLV,Crown BRLV,['https://coin-images.coingecko.com/coins/images/102172108/large/BRLV.png?1775604601'],0.195033,72913582,351.0,72913582.0,241.19,0.3448725,0.3210785,0.0,0.0,7.4505e-09,0.0,373851732.8528299,373840556.3728299,1000000000.0,0.204863,-4.79822,2026-05-09 05:05:00+00:00,0.187398,4.0743,2026-03-14 04:01:06+00:00,2026-09-06T01:16:00.000Z,Low
360,360,Peaq-2,PEAQ,peaq,['https://coin-images.coingecko.com/coins/images/51415/large/peaq-token-brand-icon_%281%29.png?1731122664'],0.02870262,71999366,354.0,127496095.0,9585069.0,0.03214167,0.0274387,0.00077625,2.83556,2181738.0,3.12491,2508501820.288569,4442038939.880949,5667620228.64,0.750473,-96.17539,2024-12-10 00:55:30+00:00,0.01224257,134.44939,2026-03-14 08:10:36+00:00,2026-09-08T10:40:20.000Z,Low
361,361,Funfair,FUN,FUNToken,['https://coin-images.coingecko.com/coins/images/761/large/FUN.png?1696501914'],0.00650957,71607004,355.0,71607004.0,1707888.0,0.0065536,0.00583955,0.00059153,9.99198,6509236.0,9.99917,10999873621.0,10999873621.0,1000000000.0,0.191066,-96.59302,2018-01-07 16:00:00+00:00,0.00031003,1999.6911,2026-04-23 11:30:00+00:00,2026-09-08T10:40:20.000Z,Low
362,362,Matrixdock-Gold,XAUM,Matrixdock Gold,['https://coin-images.coingecko.com/coins/images/51962/large/xaum_200px_logo_1x.png?1733560735'],4376.64,71477769,356.0,71477769.0,512572.0,4429.62,4365.37,-10.324688453188172,-0.20907,-166577.62812261283,-0.23251,16331.178372171,16331.178372171,1000000000.0,5574.96,-21.49467,2026-01-29 05:21:03+00:00,2563.55,70.72615,2024-12-19 14:00:45+00:00,2026-09-08T10:40:20.000Z,Low
363,363,Microstrategy-Xstock,MSTRX,MicroStrategy xStock,['https://coin-images.coingecko.com/coins/images/55631/large/Ticker_MSTR__Company_Name_MicroStrategy__size_200x200_2x.png?1746862528'],139.82,70979069,357.0,189845223.0,1927850.0,143.62,138.31,-2.3888278444724165,-1.71852,-1213139.76022771,-1.68043,507668.92039662617,1357844.233345223,1000000000.0,462.34,-69.75897,2025-07-17 21:29:46+00:00,80.66,73.34254,2026-06-29 00:39:20+00:00,2026-09-08T10:40:20.000Z,Low
364,364,Tesla-Xstock,TSLAX,Tesla xStock,['https://coin-images.coingecko.com/coins/images/55638/large/Ticker_TSLA__Company_Name_Tesla_Inc.__size_200x200_2x.png?1746863299'],354.3,70431303,358.0,190320210.0,5196501.0,356.65,352.31,0.399388,0.10053,112101.0,0.15942,198782.76743245608,537152.8927423446,1000000000.0,496.55,-28.64855,2025-12-22 06:58:38+00:00,292.26,21.22852,2025-07-07 06:00:30+00:00,2026-09-08T10:40:20.000Z,Low
365,365,Ishares-Core-S-P-500-Etf-Ondo-Tokenized-Etf,IVVON,iShares Core S&P 500 ETF (Ondo Tokenized ETF),['https://coin-images.coingecko.com/coins/images/68650/large/ivvon_160x160.png?1756156270'],778.84,70247622,359.0,70247622.0,500008.0,781.43,776.98,-1.516823909451432,-0.19166,-127941.15889200568,-0.1818,90182.70583841475,90182.70583841475,1000000000.0,797.15,-2.29764,2026-08-06 14:08:10+00:00,638.07,22.0616,2026-03-30 19:31:00+00:00,2026-09-08T10:40:20.000Z,Low
366,366,Dola-Usd,DOLA,DOLA,['https://coin-images.coingecko.com/coins/images/14287/large/dola.png?1696513984'],0.997105,70043837,360.0,103570475.0,450491.0,0.997735,0.996556,-0.0001531233790965,-0.01743,4508368.0,6.87928,70245130.8543329,103868118.240939,1000000000.0,1.87,-46.73884,2021-11-13 05:09:22+00:00,0.088407,1027.86358,2024-02-10 15:55:20+00:00,2026-09-08T10:40:20.000Z,Low
367,367,Story-2,DATA,Data Network,['https://coin-images.coingecko.com/coins/images/54035/large/CMC_%281%29.png?1782401376'],0.193256,69281844,361.0,199447218.0,1538322.0,0.197594,0.189954,0.00258529,1.36065,936790.0,1.37068,358491263.0,1032018939.0,1000000000.0,14.78,-98.69269,2025-09-21 13:07:34+00:00,0.170065,13.63662,2026-08-18 14:08:00+00:00,2026-09-08T10:40:20.000Z,Low
368,368,Turbo,TURBO,Turbo,['https://coin-images.coingecko.com/coins/images/30117/large/TurboMark-QL_200.png?1708079597'],0.00100421,69275831,362.0,69275831.0,5312057.0,0.00102803,0.00098244,9.90397e-07,0.04126,53780.0,0.07769,69000000000.0,69000000000.0,69000000000.0,0.01431669,-92.98575,2024-12-11 13:52:05+00:00,6.518e-05,1440.68967,2023-09-26 13:46:54+00:00,2026-09-08T10:40:20.000Z,Low
369,369,Swop-2,SWOP,Swop,['https://coin-images.coingecko.com/coins/images/66773/large/Group_1000007182_copy.png?1750487480'],0.00691352,69135208,363.0,69135208.0,105.22,0.0071065,0.00691329,-0.0001931827605073,-2.71832,-1931827.255510807,-2.71832,9999998190.50924,9999998190.50924,10000000000.0,0.01391529,-50.31709,2025-08-30 12:02:22+00:00,0.0060491,14.29011,2026-04-12 15:56:00+00:00,2026-09-08T10:35:30.000Z,Low
370,370,Stronghold-Token,SHX,Stronghold,['https://coin-images.coingecko.com/coins/images/7427/large/Blue_Mark_-_White_BG.png?1696507700'],0.00374045,68954891,363.0,373198114.0,1426252.0,0.00436711,0.00371798,-0.0006092605183177,-14.00219,-11210483.898690566,-13.9842,18430166933.93181,99747870079.0,100000000000.0,0.055673,-93.28139,2021-05-16 20:52:12+00:00,1.30103e-07,2874893.96006,2021-04-07 04:27:56+00:00,2026-09-08T10:40:20.000Z,Low
371,371,Dexe,DEXE,DeXe,['https://coin-images.coingecko.com/coins/images/12713/large/DEXE_token_logo.png?1696512514'],1.95,68763959,364.0,188193959.0,10511982.0,1.97,1.91,0.00393443,0.25889,147745.0,0.21532,35261696.60097028,96504599.33609451,1000000000.0,48.91,-96.01327,2026-07-13 00:47:00+00:00,0.671563,190.34491,2020-11-06 11:31:40+00:00,2026-09-08T10:40:20.000Z,Low
372,372,Comedian,BAN,Comedian,['https://coin-images.coingecko.com/coins/images/51100/large/ban.jpg?1730085215'],0.068744,68742274,365.0,68742274.0,5814321.0,0.070875,0.068566,-0.0016763354482859,-2.39924,-1675189.723824978,-2.37894,999961859.27,999961859.27,1000000000.0,0.37799,-81.81332,2024-11-18 01:35:57+00:00,0.00929085,639.90896,2024-10-28 20:34:36+00:00,2026-09-08T10:40:20.000Z,Low
373,373,Ondo-U-S-Dollar-Token,USDON,Ondo U.S. Dollar Token,['https://coin-images.coingecko.com/coins/images/68688/large/usdon_160x160.png?1756268513'],1.0,68404018,366.0,68404018.0,6277292.0,1.0,1.0,0.0,0.0,2362142.0,3.57673,68404018.10061023,68404018.10061023,1000000000.0,1.091,-8.32354,2026-07-13 04:45:20+00:00,0.935065,6.94446,2026-05-23 21:54:00+00:00,2026-09-08T10:40:20.000Z,Low
374,374,Stau,STAU,STAU,['https://coin-images.coingecko.com/coins/images/52341/large/STAU.png?1742637079'],0.00683403,68340346,368.0,68340346.0,225888.0,0.00695116,0.00672846,-8.9032087667274e-05,-1.22897,-890320.8766727298,-1.28602,10000000000.0,10000000000.0,10000000000.0,0.279,-97.55052,2024-12-20 04:40:23+00:00,0.00448904,52.23811,2026-02-01 19:41:04+00:00,2026-09-08T10:23:40.000Z,Low
375,375,Holotoken,HOT,Holo,['https://coin-images.coingecko.com/coins/images/3348/large/hot-mark-med.png?1747766692'],0.00038338,68095686,367.0,68095686.0,2692032.0,0.00038668,0.0003786,1e-06,0.26921,178888.0,0.26339,177619433541.1413,177619433541.1413,1000000000.0,0.03126682,-98.77386,2021-04-05 08:04:52+00:00,0.0002202,74.10408,2020-03-12 18:23:01+00:00,2026-09-08T10:40:20.000Z,Low
376,376,Sushi,SUSHI,Sushi,['https://coin-images.coingecko.com/coins/images/12271/large/512x512_Logo_no_chop.png?1696512101'],0.237126,68033673,368.0,69165167.0,27292358.0,0.245515,0.232523,0.00044491,0.23309,166484.0,0.24531,286745777.58608264,291514753.9009228,1000000000.0,23.38,-98.98562,2021-03-13 15:44:36+00:00,0.139503,69.97898,2026-06-25 13:59:50+00:00,2026-09-08T10:40:20.000Z,Low
377,377,Redstone-Oracles,RED,RedStone,['https://coin-images.coingecko.com/coins/images/53640/large/RedStone_Logo_New_White.png?1740640919'],0.134175,67898380,369.0,134180511.0,3667903.0,0.135064,0.129451,0.00290223,2.22884,1607598.0,2.42507,506022670.0,1000000000.0,1000000000.0,0.932461,-85.61065,2025-03-06 04:36:56+00:00,0.082386,62.86173,2026-08-17 10:25:20+00:00,2026-09-08T10:40:20.000Z,Low
378,378,Spark-2,SPK,Spark,['https://coin-images.coingecko.com/coins/images/38637/large/Spark-Logomark-RGB.png?1744878896'],0.02056457,67475271,370.0,205647632.0,17953390.0,0.0218394,0.02052346,-0.00115785928731,-5.37182,-3454807.464657873,-4.87072,3281111003.631648,10000000000.0,10000000000.0,0.184472,-88.85223,2025-07-23 14:01:29+00:00,0.01301419,58.01657,2026-08-19 07:36:10+00:00,2026-09-08T10:40:20.000Z,Low
379,379,Midas-Fasanara-Global,MGLOBAL,Midas Fasanara Global,['https://coin-images.coingecko.com/coins/images/102172980/large/mglobal-Cm4yjVTI.png?1776956923'],1.017,67337941,371.0,67337941.0,6277292.0,1.017,1.017,0.0,0.0,0.0,0.0,66235380.78086266,66235380.78086266,1000000000.0,1.017,0.0,2026-08-20 18:30:10+00:00,1.006,1.08189,2026-07-23 04:25:10+00:00,2026-09-08T10:40:20.000Z,Low
380,380,Ravedao,RAVE,RaveDAO,['https://coin-images.coingecko.com/coins/images/70544/large/coin.jpeg?1762452940'],0.253232,67305461,372.0,253229024.0,882429.0,0.26114,0.248794,-0.0042017059528309,-2.35785,-1117472.7793540957,-1.63318,265788888.0,1000000000.0,1000000000.0,28.1,-99.09897,2026-04-18 01:38:00+00:00,0.206266,22.76975,2026-03-11 18:10:18+00:00,2026-09-08T10:40:20.000Z,Low
381,381,Linea,LINEA,Linea,['https://coin-images.coingecko.com/coins/images/68507/large/linea-logo.jpeg?1756025484'],0.00274066,67228290,373.0,196237206.0,8213255.0,0.002756,0.00267977,2.683e-05,0.86489,665905.0,1.00042,24527101521.37352,71593816498.0,72009990000.0,0.04666898,-94.12745,2025-09-10 07:26:12+00:00,0.00206952,32.42946,2026-08-19 06:14:40+00:00,2026-09-08T10:40:20.000Z,Low
382,382,Purr-2,PURR,Purr,['https://coin-images.coingecko.com/coins/images/37125/large/PURR_CG.png?1713368828'],0.112858,67144822,374.0,67144790.0,1078633.0,0.122483,0.111493,-0.007886225436843,-6.55042,-4690102.75168854,-6.529,594933526.21445,594933321.75694,1000000000.0,0.690036,-83.64466,2024-12-16 14:15:23+00:00,0.04236339,166.40402,2025-12-18 12:07:22+00:00,2026-09-08T10:40:20.000Z,Low
383,383,Wormhole,W,Wormhole,['https://coin-images.coingecko.com/coins/images/35087/large/W_Token_%283%29.png?1758122686'],0.01039842,67057451,375.0,103981383.0,5524308.0,0.01046939,0.01010003,4.795e-05,0.45161,322481.0,0.48323,6448986253.0,10000000000.0,10000000000.0,1.66,-99.37273,2024-04-03 03:46:35+00:00,0.00782451,32.89545,2026-07-31 14:10:50+00:00,2026-09-08T10:40:20.000Z,Low
384,384,Safecoin,SAFE,SAFEbit,['https://coin-images.coingecko.com/coins/images/67434/large/200x200_%281%29.png?1752777433'],0.094066,67016041,376.0,94063653.0,481517.0,0.170468,0.093112,-0.0783970557969166,-45.46348,-55856255.2140152,-45.45879,712454166.6666667,1000000000.0,1000000000.0,0.503782,-81.32796,2025-10-03 04:47:22+00:00,0.04176784,125.21247,2026-04-07 12:22:00+00:00,2026-09-08T10:40:20.000Z,Low
385,385,Numeraire,NMR,Numeraire,['https://coin-images.coingecko.com/coins/images/752/large/numeraire.png?1696501906'],9.49,66735341,377.0,100577719.0,5447671.0,9.53,9.25,0.178641,1.89655,2189627.0,3.39237,7033472.804203468,10600240.36667497,11000000.0,93.15,-89.81447,2021-05-16 02:29:06+00:00,2.06,359.63162,2018-11-26 16:00:00+00:00,2026-09-08T10:40:20.000Z,Low
386,386,Tori-Trusd,TRUSD,Tori trUSD,['https://coin-images.coingecko.com/coins/images/102174232/large/trUSD.png?1782647856'],0.999911,66444643,378.0,66444643.0,630714.0,1.0,0.999739,-0.0001427514056181,-0.01488,-7651.25844656676,-0.01151,66448745.5894608,66448745.5894608,1000000000.0,1.001,-0.10675,2026-07-28 22:52:00+00:00,0.998868,0.10434,2026-07-30 07:19:10+00:00,2026-09-08T10:40:20.000Z,Low
387,387,Mindwavedao,NILA,MindWaveDAO,['https://coin-images.coingecko.com/coins/images/55467/large/NILA.png?1746206480'],0.078209,65915132,379.0,82672653.0,275941.0,0.078329,0.077961,8.046e-05,0.08265,70783.0,0.1075,842766176.55,1057021569.0,1057021569.0,0.39007,-79.94991,2025-09-06 17:25:22+00:00,0.0014606,5254.59281,2025-09-26 18:45:46+00:00,2026-09-08T10:40:20.000Z,Low
388,388,Soon-2,SOON,SOON,['https://coin-images.coingecko.com/coins/images/55124/large/red_2.PNG?1743843131'],0.19296,65576268,382.0,2124357457.0,6171267.0,0.197481,0.187346,0.00451391,2.16725,1543923.0,2.41116,339791742.36,11007627367.45998,1000000000.0,4.3,-95.51331,2025-11-14 12:10:58+00:00,0.100892,91.25374,2026-04-10 01:07:00+00:00,2026-09-08T10:40:20.000Z,Low
389,389,Bas,BAS,BNB Attestation Service,['https://coin-images.coingecko.com/coins/images/67419/large/bas.jpg?1752736026'],0.02619255,65496663,381.0,261986653.0,1130081.0,0.02692071,0.02618234,-0.0005188543287617,-1.98386,-1281856.511498958,-1.91956,2500000000.0,10000000000.0,10000000000.0,0.166539,-84.27241,2025-10-17 02:05:13+00:00,0.00259671,908.68292,2026-02-05 16:35:42+00:00,2026-09-08T10:40:20.000Z,Low
390,390,Metal-Blockchain,METAL,Metal Blockchain,['https://coin-images.coingecko.com/coins/images/27222/large/MB-Logo.png?1710514210'],0.12897,65472018,380.0,85982243.0,582936.0,0.130796,0.12812,-0.0003644892826992,-0.33306,-183128.01761758327,-0.27892,507639839.0528356,666666666.0,666666666.0,1.65,-92.17962,2022-09-12 05:18:04+00:00,0.03510303,267.40306,2024-08-04 22:56:59+00:00,2026-09-08T10:40:20.000Z,Low
391,391,Tradable-Eu-Latam-Pos-Financing-Sstl,PC0000049,Tradable Eu/LatAm PoS Financing SSTL,['https://coin-images.coingecko.com/coins/images/66794/large/tradable.jpg?1750576332'],1.0,65300000,383.0,65300000.0,6277292.0,1.0,1.0,0.0,0.0,0.0,0.0,65300000.0,65300000.0,100000000.0,1.0,0.0,2025-07-03 02:25:01+00:00,1.0,0.0,2026-07-23 07:25:00+00:00,2026-09-08T10:40:20.000Z,Low
392,392,Nexpace,NXPC,Nexpace,['https://coin-images.coingecko.com/coins/images/55703/large/wk63iOZz_400x400.png?1747126039'],0.214615,65245231,384.0,213414814.0,3981006.0,0.216799,0.206294,0.00695688,3.33338,2105828.0,3.3352,304054865.5175758,994552574.1697732,1000000000.0,3.77,-94.31299,2025-05-15 01:15:14+00:00,0.17425,23.16488,2026-08-14 03:48:50+00:00,2026-09-08T10:40:20.000Z,Low
393,393,Anvil,ANVL,Anvil,['https://coin-images.coingecko.com/coins/images/50825/large/anvil.png?1744709012'],0.00073948,65149494,385.0,73965271.0,88503.0,0.00074025,0.00071977,1.766e-05,2.46764,1570734.0,2.47053,88081193769.55038,100000000000.0,100000000000.0,0.00929021,-92.04023,2025-01-03 18:16:12+00:00,2.512e-05,2843.26311,2025-10-11 05:10:55+00:00,2026-09-08T10:40:20.000Z,Low
394,394,Escoin-Token,ELG,Escoin,['https://coin-images.coingecko.com/coins/images/13566/large/escoin-200.png?1696513320'],0.291302,64929624,386.0,72827501.0,145557.0,0.291406,0.146416,-8.7888289679594e-05,-0.03063,-17703.768980681896,-0.02726,222888413.08959576,250000000.0,1000000000.0,3.61,-91.93087,2022-06-23 18:40:08+00:00,0.00064644,44962.3255,2021-01-10 08:54:16+00:00,2026-09-08T10:40:20.000Z,Low
395,395,Midas-Mf-One,MF-ONE,Midas mF-ONE,['https://coin-images.coingecko.com/coins/images/66975/large/mfone-logo.png?1751307469'],1.12,64600024,387.0,64600024.0,6277292.0,1.12,1.12,-0.0004353091263757,-0.03885,-25104.935936942697,-0.03885,57671512.99113765,57671512.99113765,1000000000.0,1.14,-1.74815,2026-08-19 15:30:00+00:00,1.008,11.10311,2025-07-21 03:10:08+00:00,2026-09-08T10:40:20.000Z,Low
396,396,Goplus-Security,GPS,GoPlus Security,['https://coin-images.coingecko.com/coins/images/53686/large/Separate_logo%EF%BC%88green%EF%BC%89.png?1737033911'],0.01105144,64495102,388.0,110487689.0,3357989.0,0.01096965,0.01063306,0.00030449,2.84168,1761773.0,2.80835,5837311111.239091,10000000000.0,10000000000.0,0.2198,-94.97205,2025-01-30 23:39:51+00:00,0.00441135,150.5228,2025-12-18 11:58:16+00:00,2026-09-08T10:40:20.000Z,Low
397,397,Saturn-Dollar,USDAT,Saturn Dollar,['https://coin-images.coingecko.com/coins/images/102172645/large/usdat.png?1774503009'],0.999166,64257561,389.0,64257561.0,251531.0,0.999416,0.998933,-0.0001931932568178,-0.0198,-504336.3696743399,-0.77875,64309332.511222,64309332.511222,1000000000.0,1.042,-4.15016,2026-04-08 13:58:00+00:00,0.99684,0.2333,2026-08-31 11:30:00+00:00,2026-09-08T10:40:20.000Z,Low
398,398,Spacex-Bstocks-Tokenized-Stock,SPCXB,SpaceX (bStocks Tokenized Stock),['https://coin-images.coingecko.com/coins/images/102173888/large/bstocks_spacex.png?1781280362'],149.45,64129488,392.0,64129488.0,11593385.0,151.16,148.15,-1.137873446659711,-0.87205,-406333.3626685366,-0.62962,429048.07641697,429048.07641697,1000000000.0,229.67,-34.92886,2026-06-16 01:00:20+00:00,105.76,41.30414,2026-08-03 13:30:40+00:00,2026-09-08T10:40:20.000Z,Low
399,399,Book-Of-Meme,BOME,BOOK OF MEME,['https://coin-images.coingecko.com/coins/images/36071/large/bome.png?1710407255'],0.0009289,64089758,390.0,64089758.0,46355831.0,0.00093814,0.00089463,-2.806850770778e-06,-0.24208,-197701.22579789907,-0.30753,68999659569.0,68999659569.0,68999659569.0,0.02688878,-96.5454,2024-03-16 05:51:17+00:00,5.848e-05,1488.33697,2024-03-14 02:17:29+00:00,2026-09-08T10:40:20.000Z,Low
400,400,Kava,KAVA,Kava,['https://coin-images.coingecko.com/coins/images/9761/large/kava.png?1696509822'],0.05917,64070580,391.0,64070580.0,18271714.0,0.061072,0.055884,0.00331855,5.95688,3591905.0,5.93913,1082846942.0,1082846942.0,1000000000.0,9.12,-99.35122,2021-08-30 03:10:02+00:00,0.03967785,49.12628,2026-06-06 05:04:15+00:00,2026-09-08T10:40:20.000Z,Low
401,401,Zignaly,ZIG,ZIGChain,['https://coin-images.coingecko.com/coins/images/14796/large/ZIG_COIN_%281%29.png?1779272472'],0.04542943,64006686,393.0,88765458.0,15952467.0,0.052505,0.04548855,-0.0049572299263127,-9.85958,-6985139.264764003,-9.83936,1408940795.2396517,1953940795.239652,2000000000.0,0.224179,-79.73519,2021-04-15 07:39:42+00:00,0.00428716,959.66349,2023-07-14 21:31:20+00:00,2026-09-08T10:40:20.000Z,Low
402,402,Prize-Protocol,PRIZE,Prize Protocol,['https://coin-images.coingecko.com/coins/images/102173006/large/PrizeProtocolLogoHighRes.png?1777125639'],0.00118895,63397725,394.0,118898598.0,2593.68,0.00121678,0.00117718,-1.7793600222261e-05,-1.48548,-946928.5647423192,-1.47165,53320833333.333336,99999997704.8605,100000000000.0,0.00150186,-20.83461,2026-09-05 17:57:50+00:00,0.0005997,98.25922,2026-06-06 04:46:45+00:00,2026-09-08T10:40:20.000Z,Low
403,403,Diem,DIEM,Diem,['https://coin-images.coingecko.com/coins/images/68436/large/DIEM_SeaMid_-_200px.png?1755734213'],1708.4,63184444,395.0,63184444.0,1026812.0,1787.75,1618.43,89.84,5.54795,3272829.0,5.46276,36983.68768973272,36983.68768973272,1000000000.0,1908.3,-10.47529,2026-05-20 12:49:00+00:00,80.54,2021.20119,2025-11-21 09:22:57+00:00,2026-09-08T10:40:20.000Z,Low
404,404,Ai-Xovia,AIX,AI XOVIA,['https://coin-images.coingecko.com/coins/images/67657/large/Aixovia-Logo-200x200.png?1753425170'],0.629799,62981309,396.0,62981309.0,535879.0,1.027,0.590826,-0.3920083322500942,-38.3645,-39198748.589630105,-38.36243,99999347.71616928,99999347.71616928,100000000.0,45.0,-98.60038,2025-08-04 16:19:24+00:00,0.329828,90.9475,2026-07-28 12:34:50+00:00,2026-09-08T10:40:20.000Z,Low
405,405,Allora,ALLO,Allora,['https://coin-images.coingecko.com/coins/images/70609/large/allo-token.png?1763451165'],0.250391,62602983,397.0,197346004.0,5733537.0,0.251954,0.2435,0.00413276,1.7301,1036423.0,1.68342,250018306.21338385,788143163.7191564,1000000000.0,1.6,-84.32981,2025-11-11 03:10:57+00:00,0.04768726,425.06899,2026-02-05 16:25:34+00:00,2026-09-08T10:40:20.000Z,Low
406,406,Ecomi,OMI,ECOMI,['https://coin-images.coingecko.com/coins/images/4428/large/ECOMI.png?1696505023'],0.00022956,62194168,398.0,71359886.0,695376.0,0.00023781,0.00023002,-7.072105100852e-06,-3.00088,-1921216.959396385,-2.9965,270951644947.0,310882499574.018,750000000000.0,0.01343572,-98.29143,2021-03-19 09:20:53+00:00,3.37e-06,6709.89253,2019-11-04 02:52:42+00:00,2026-09-08T10:40:20.000Z,Low
407,407,Berachain-Bera,BERA,Berachain,['https://coin-images.coingecko.com/coins/images/25235/large/BERA.png?1738822008'],0.186306,62038012,399.0,104105981.0,8673607.0,0.189379,0.180542,-0.00131834423938,-0.66522,-385313.07073088735,-0.61726,332973883.81579936,558767815.241633,1000000000.0,14.83,-98.74349,2025-02-06 06:16:01+00:00,0.137662,35.3361,2026-08-14 15:20:40+00:00,2026-09-08T10:40:20.000Z,Low
408,408,Royal-Euro,REUR,Royal Euro,['https://coin-images.coingecko.com/coins/images/102172401/large/REUR_logo_200x200_px.png?1773503207'],4.13,62008637,348.0,20669545573.0,19804868.0,0.3448725,0.3210785,0.0,0.0,7.4505e-09,0.0,15000000.0,5000000000.0,1000000000.0,4.13,-0.00868,2026-06-29 19:51:40+00:00,0.348874,1084.9285,2026-06-23 12:49:00+00:00,2026-06-29T19:55:10.000Z,Low
409,409,Kinetiq,KNTQ,Kinetiq,['https://coin-images.coingecko.com/coins/images/70252/large/kntq.png?1761279547'],0.220919,61964417,400.0,220925767.0,1924618.0,0.240882,0.20913,-0.0154976829598757,-6.55618,-4344827.126519136,-6.55237,280476190.48,1000000000.0,1000000000.0,0.376888,-41.38336,2026-06-02 03:42:30+00:00,0.03578417,517.36509,2025-12-17 19:22:13+00:00,2026-09-08T10:40:20.000Z,Low
410,410,Espresso,ESP,Espresso,['https://coin-images.coingecko.com/coins/images/67626/large/espresso.jpg?1753324525'],0.092553,61781137,401.0,333496957.0,2966141.0,0.09267,0.08669,-0.000120214137242,-0.27931,-184073.64240404963,-0.29706,668742829.4727125,3601379682.0,1000000000.0,0.217368,-57.42089,2026-02-24 00:10:22+00:00,0.05223,77.20309,2026-02-15 11:15:15+00:00,2026-09-08T10:40:20.000Z,Low
411,411,Midas-Fasanara-Global-Open,MGLO,Midas Fasanara Global Open,['https://coin-images.coingecko.com/coins/images/102174031/large/mglobal-Cm4yjVTI.png?1781967852'],1.0,61003135,402.0,61003135.0,6277292.0,1.0,1.0,0.0,0.0,0.0,0.0,61003135.38975101,61003135.38975101,1000000000.0,1.0,0.0,2026-07-23 04:25:10+00:00,1.0,0.0,2026-07-23 07:25:00+00:00,2026-09-08T10:40:20.000Z,Low
412,412,Chainopera-Ai,COAI,ChainOpera AI,['https://coin-images.coingecko.com/coins/images/69447/large/coai.png?1758625501'],0.323524,60820521,403.0,323513239.0,2082210.0,0.330336,0.313647,0.00727835,2.31676,1366235.0,2.29796,188000098.0,1000000000.0,1000000000.0,43.81,-99.26158,2025-10-12 12:51:39+00:00,0.138148,134.18635,2025-09-26 07:57:34+00:00,2026-09-08T10:40:20.000Z,Low
413,413,Meme-Horse,MHORSE,MEME HORSE,['https://coin-images.coingecko.com/coins/images/102171984/large/1000322552.png?1770837497'],0.060525,60525715,404.0,60525715.0,672458.0,0.060553,0.060522,-1.2092072615065e-05,-0.02264,-11104.257394470274,-0.01834,999999999.0,999999999.0,1000000000.0,0.120745,-49.87401,2026-06-18 11:33:30+00:00,0.01028842,488.28024,2026-02-11 20:39:52+00:00,2026-09-08T10:40:20.000Z,Low
414,414,Pharos-Network,PROS,Pharos,['https://coin-images.coingecko.com/coins/images/102172947/large/pharos_400x400.jpg?1776780623'],0.437699,59352991,405.0,437706421.0,7154302.0,0.48648,0.425794,0.00947401,2.22135,1285701.0,2.21416,135600000.0,1000000000.0,1000000000.0,1.13,-61.39641,2026-04-28 15:06:00+00:00,0.31773,37.7582,2026-07-21 00:12:30+00:00,2026-09-08T10:40:20.000Z,Low
415,415,Temple,TEMPLE,TempleDAO,['https://coin-images.coingecko.com/coins/images/20040/large/LPK15ZOW_400x400.jpg?1696519459'],2.48,58748288,408.0,58865381.0,1023.29,2.53,2.48,-0.0087682693626676,-0.34852,-208004.59121034291,-0.35281,23722422.590706144,23769704.54225455,1000000000.0,4.11,-39.78651,2025-11-20 20:47:53+00:00,0.186329,1229.09092,2023-03-19 02:06:55+00:00,2026-09-08T07:19:30.000Z,Low
416,416,Bio-Protocol,BIO,Bio Protocol,['https://coin-images.coingecko.com/coins/images/53022/large/bio.jpg?1735011002'],0.02733588,58643227,406.0,90765909.0,9149986.0,0.02768841,0.02680884,0.00017446,0.62476,381181.0,0.65425,2145029070.25,3320000000.0,3320000000.0,0.888995,-96.92508,2025-01-03 05:16:10+00:00,0.01580293,72.97981,2026-03-29 22:49:00+00:00,2026-09-08T10:40:20.000Z,Low
417,417,Qubic-Network,QUBIC,Qubic,['https://coin-images.coingecko.com/coins/images/32949/large/qubic_logo_new.png?1755496837'],4.11275e-07,58431016,407.0,72766279.0,788885.0,4.2329e-07,4.07673e-07,-1.0379072378e-08,-2.49819,-1472849.150014706,-2.45869,142068835788156.0,176923511873269.0,200000000000000.0,1.256e-05,-96.72595,2024-03-02 04:28:41+00:00,3.6533e-07,12.57622,2026-06-26 03:51:30+00:00,2026-09-08T10:40:20.000Z,Low
418,418,Noxo,NOXO,NOXO,['https://coin-images.coingecko.com/coins/images/102176562/large/20260828-171534.png?1788170562'],0.34761,57935957,408.0,57935957.0,7463.2,0.344598,0.33189,0.01367454,4.09219,2280035.0,4.09666,166666666.0,166666666.0,166666666.0,0.347616,-0.00163,2026-09-08 10:40:10+00:00,0.211823,64.1037,2026-09-01 02:41:30+00:00,2026-09-08T10:40:20.000Z,Low
419,419,Vaneck-Treasury-Fund,VBILL,VanEck Treasury Fund,['https://coin-images.coingecko.com/coins/images/56023/large/vbill_200.png?1748092620'],1.0,57859041,409.0,57859041.0,6277292.0,1.0,1.0,0.0,0.0,0.0,0.0,57859041.049655,57859041.049655,1000000000.0,1.0,0.0,2025-05-28 17:55:13+00:00,1.0,0.0,2026-07-23 07:25:00+00:00,2026-09-08T10:40:20.000Z,Low
420,420,Acurast,ACU,Acurast,['https://coin-images.coingecko.com/coins/images/34367/large/Acurast-symbol-dark-bg.png?1728418440'],0.153209,57372853,410.0,157587195.0,6134963.0,0.15364,0.138029,0.01034905,7.54993,4040401.0,7.57588,374341212.0,1028209754.0,1000000000.0,0.315928,-51.50521,2026-01-23 18:02:00+00:00,0.065109,135.31246,2026-06-06 04:42:15+00:00,2026-09-08T10:40:20.000Z,Low
421,421,Nervos-Network,CKB,Nervos Network,['https://coin-images.coingecko.com/coins/images/9566/large/Nervos_White.png?1696509646'],0.00115551,57202042,412.0,58178674.0,2356992.0,0.00116224,0.00111759,3.897e-05,3.46063,1961864.0,3.55152,49480943368.69606,50326149440.20514,1000000000.0,0.04370633,-97.35619,2021-03-31 09:08:59+00:00,0.00079635,45.10146,2026-08-14 12:42:10+00:00,2026-09-08T10:40:20.000Z,Low
422,422,Tradable-Na-Legal-Receivables-Ssl,PC0000081,Tradable NA Legal Receivables SSL,['https://coin-images.coingecko.com/coins/images/66799/large/tradable.jpg?1750576475'],1.0,57132381,413.0,57132381.0,6277292.0,1.0,1.0,0.0,0.0,0.0,0.0,57132381.03,57132381.03,125000000.0,1.0,0.0,2025-07-15 12:45:11+00:00,0.999999,0.0001,2025-07-03 02:25:11+00:00,2026-09-08T10:40:20.000Z,Low
423,423,Zilliqa,ZIL,Zilliqa,['https://coin-images.coingecko.com/coins/images/2687/large/Zilliqa-logo.png?1696503475'],0.00292605,57099999,411.0,60201148.0,10616452.0,0.00292504,0.00284992,4.163e-05,1.69369,814746.0,1.44753,19513551525.0,20573365282.21463,21000000000.0,0.255376,-98.85422,2021-05-06 09:33:45+00:00,0.0021856,33.87859,2026-08-18 03:33:50+00:00,2026-09-08T10:40:20.000Z,Low
424,424,Jpycoin,JPYC,JPY Coin,['https://coin-images.coingecko.com/coins/images/70314/large/JPYC_400x400.jpg?1761556080'],0.00647792,57042723,414.0,57042723.0,85101.0,0.00647521,0.00642114,4.924e-05,0.76523,435101.0,0.76863,8805482436.95474,8805482436.95474,1000000000.0,0.00675991,-4.1716,2026-09-03 17:48:50+00:00,0.00530387,22.13559,2026-06-26 05:29:30+00:00,2026-09-08T10:40:20.000Z,Low
425,425,Skyai,SKYAI,SkyAI,['https://coin-images.coingecko.com/coins/images/55294/large/1.png?1745517593'],0.056799,56758715,415.0,56758715.0,6809078.0,0.059617,0.055576,-0.0004501613928755,-0.70474,-398081.284784317,-0.69647,998384105.0942048,998384105.0942048,1000000000.0,0.855653,-93.3619,2026-05-06 05:10:00+00:00,0.01433298,296.28294,2025-10-10 17:55:44+00:00,2026-09-08T10:40:20.000Z,Low
426,426,Zetachain,ZETA,ZetaChain,['https://coin-images.coingecko.com/coins/images/26718/large/Twitter_icon.png?1696525788'],0.03511667,56550033,417.0,73894780.0,13685302.0,0.03619587,0.03478932,-0.0004232410396039,-1.1899,-565561.7839741334,-0.99021,1607083333.0,2100000000.0,2100000000.0,2.85,-98.76935,2024-02-15 12:45:12+00:00,0.02663576,31.84031,2026-08-14 10:00:10+00:00,2026-09-08T10:40:20.000Z,Low
427,427,Boner-Coin,BONER,Boner Coin,['https://coin-images.coingecko.com/coins/images/102176671/large/boner.jpg?1788451067'],0.056452,56451383,416.0,56451383.0,11037891.0,0.07402,0.04779997,-0.0082742769359189,-13.26092,-8274607.6936973855,-12.78406,999999926.5,999999926.5,1000000000.0,0.083666,-32.52722,2026-09-07 02:47:20+00:00,0.02393807,135.82406,2026-09-06 13:37:20+00:00,2026-09-08T10:40:20.000Z,Low
428,428,Axelar,AXL,Axelar,['https://coin-images.coingecko.com/coins/images/27277/large/V-65_xQ1_400x400.jpeg?1696526329'],0.04567008,56389728,418.0,57262348.0,2440717.0,0.04604748,0.04463194,0.00055096,0.90826,722439.0,1.29778,1234336929.650249,1253446200.350419,1000000000.0,2.64,-98.27263,2024-03-01 01:20:05+00:00,0.03438952,32.80233,2026-08-19 05:58:40+00:00,2026-09-08T10:40:20.000Z,Low
429,429,Oasis-Network,ROSE,Oasis,['https://coin-images.coingecko.com/coins/images/13162/large/200x200_%28Rounded%29.png?1743579893'],0.00700037,56322314,419.0,70055791.0,3608989.0,0.00728585,0.00691754,-9.4977576749982e-05,-1.36629,-721055.0678519532,-1.26405,8039637147.0,10000000000.0,10000000000.0,0.597347,-98.82809,2022-01-14 19:31:11+00:00,0.00501758,39.5169,2026-07-28 01:08:40+00:00,2026-09-08T10:40:20.000Z,Low
430,430,Venus,XVS,Venus,['https://coin-images.coingecko.com/coins/images/12677/large/XVS_Token.jpg?1727454303'],3.33,56151947,421.0,99041876.0,1402104.0,3.37,3.21,0.068505,2.00522,1141049.0,2.07422,16864035.627818517,29745107.91704284,30000000.0,146.82,-97.73158,2021-05-09 19:04:27+00:00,1.65,101.38971,2020-10-05 21:02:54+00:00,2026-09-08T10:40:20.000Z,Low
431,431,Jelly-My-Jelly,JELLYJELLY,Jelly-My-Jelly,['https://coin-images.coingecko.com/coins/images/54087/large/jellyjelly-logo.webp?1738218050'],0.05594,55946451,423.0,55946451.0,3957448.0,0.056021,0.054624,0.00035346,0.61901,359860.0,0.64739,999999099.34,999999099.34,1000000000.0,0.473157,-88.17725,2025-11-04 13:30:40+00:00,0.00372817,1400.47006,2025-03-10 14:26:21+00:00,2026-09-08T10:40:20.000Z,Low
432,432,Io,IO,io.net,['https://coin-images.coingecko.com/coins/images/37754/large/io_blackbg.png?1715446363'],0.141881,55928486,422.0,113201402.0,9816350.0,0.14395,0.137836,0.00130257,0.97999,492213.0,0.88789,394344740.5544221,798168888.2265594,800000000.0,6.43,-97.792,2024-06-12 13:14:55+00:00,0.092979,52.59494,2026-02-05 16:30:32+00:00,2026-09-08T10:40:20.000Z,Low
433,433,Ontology,ONT,Ontology,['https://coin-images.coingecko.com/coins/images/3447/large/ONT.png?1696504138'],0.055886,55884286,424.0,55884286.0,2740935.0,0.057053,0.055147,-0.000750289967748,-1.33438,-751568.0678782985,-1.32702,1000000000.0,1000000000.0,1000000000.0,10.92,-99.48825,2018-05-02 17:43:05+00:00,0.03480475,60.5688,2026-08-14 10:02:50+00:00,2026-09-08T10:40:20.000Z,Low
434,434,Sp500-Xstock,SPYX,SP500 xStock,['https://coin-images.coingecko.com/coins/images/66695/large/Ticker_SPX__Company_Name_SP500__size_200x200_2x.png?1750266819'],772.88,55853365,425.0,205929963.0,17671154.0,775.77,771.32,-2.343335474894843,-0.30053,174933.0,0.31418,72265.7099177939,266441.8695355893,1000000000.0,783.63,-1.37188,2026-08-13 14:35:30+00:00,614.77,25.71976,2025-07-02 15:29:47+00:00,2026-09-08T10:40:20.000Z,Low
435,435,Lobster-2,龙虾,龙虾 (Lobster),['https://coin-images.coingecko.com/coins/images/102172215/large/bvnt2zqtx33e6at5pm5marta4070.?1772252895'],0.055773,55812214,420.0,55812214.0,13308467.0,0.064696,0.053037,-0.0041722358088628,-6.36226,-4132598.6824012026,-6.89401,1000000000.0,1000000000.0,1000000000.0,0.100567,-44.5416,2026-09-04 16:45:10+00:00,0.00145753,3726.52047,2026-02-28 09:08:30+00:00,2026-09-08T10:40:20.000Z,Low
436,436,Quantum-Resistant-Ledger,QRL,Quantum Resistant Ledger,['https://coin-images.coingecko.com/coins/images/700/large/qrl-logo.png?1763796842'],0.708004,55501737,426.0,55501737.0,37283.0,0.697757,0.675892,0.03200274,4.73364,2508001.0,4.73264,78392960.0,78392960.0,105000000.0,3.87,-81.68679,2018-01-08 16:00:00+00:00,0.04116971,1619.72073,2023-12-01 04:26:13+00:00,2026-09-08T10:40:20.000Z,Low
437,437,Astar,ASTR,Astar,['https://coin-images.coingecko.com/coins/images/22617/large/astr.png?1696521933'],0.00633483,55488752,428.0,55493654.0,5479437.0,0.00683862,0.00621838,-0.000413653474479,-6.44614,-3634156.6927615553,-6.14678,8761333798.0,8762112484.0,10000000000.0,0.421574,-98.49734,2022-01-17 05:34:36+00:00,0.00438437,44.48681,2026-08-18 02:58:20+00:00,2026-09-08T10:40:20.000Z,Low
438,438,Enjincoin,ENJ,Enjin Coin,['https://coin-images.coingecko.com/coins/images/1102/large/Symbol_Only_-_Purple.png?1709725966'],0.02771673,55434749,427.0,56047440.0,4352256.0,0.02794537,0.02676949,0.00044005,1.67247,927331.0,1.70129,1998583728.43007,2020673042.873165,1000000000.0,4.82,-99.42488,2021-11-25 01:53:41+00:00,0.01740499,59.24592,2026-03-07 22:25:21+00:00,2026-09-08T10:40:20.000Z,Low
439,439,Creditcoin-2,CTC,Creditcoin,['https://coin-images.coingecko.com/coins/images/10569/large/Creditcoin_Symbol_dark56.png?1737796066'],0.100506,55239837,429.0,60309420.0,750155.0,0.104493,0.098605,-0.0011021200590284,-1.14273,-600524.9269889072,-1.07543,549564264.0,599999997.0,1000000000.0,8.67,-98.84014,2021-03-13 19:54:22+00:00,0.063737,57.68938,2026-08-19 00:47:20+00:00,2026-09-08T10:40:20.000Z,Low
440,440,Score,SN44,Score,['https://coin-images.coingecko.com/coins/images/66325/large/score-logo.jpg?1749213803'],10.18,55090402,431.0,55090402.0,954234.0,11.24,9.85,-0.6759770539412919,-6.60349,-3569091.270762332,-6.08442,5412006.088912924,5412006.088912924,21000000.0,14.86,-31.49178,2025-06-09 22:41:00+00:00,0.053336,18984.52316,2026-04-03 10:00:00+00:00,2026-09-08T10:40:20.000Z,Low
441,441,Standx-Dusd,DUSD,StandX DUSD,['https://coin-images.coingecko.com/coins/images/55984/large/output-onlinepngtools.png?1747932126'],0.998622,54918756,430.0,54918756.0,81521.0,0.999166,0.998504,-0.0003127731792436,-0.0332,-15926.38595302403,-0.02899,54993654.860122,54993812.698122,1000000000.0,1.039,-3.92492,2025-11-20 23:46:31+00:00,0.880149,13.46058,2026-07-14 15:22:10+00:00,2026-09-08T10:40:20.000Z,Low
442,442,Lab,LAB,LAB,['https://coin-images.coingecko.com/coins/images/70014/large/lab.png?1760352822'],0.069872,54209863,432.0,69899249.0,6897431.0,0.071471,0.068649,-0.0006954776174803,-0.82616,-518052.6957314685,-0.9466,775542856.0,1000000000.0,1000000000.0,27.48,-99.74569,2026-06-02 21:04:30+00:00,0.061188,14.19149,2026-08-22 05:12:40+00:00,2026-09-08T10:40:20.000Z,Low
443,443,Cross-2,ONE,ONEchain,['https://coin-images.coingecko.com/coins/images/67058/large/ONE_logo_200x200.png?1787648216'],0.107026,54092991,433.0,105435705.0,3206149.0,0.1079,0.097257,0.00938746,9.5981,4819221.0,9.7805,505461152.3497216,985222890.0,1000000000.0,0.438189,-75.57539,2025-07-17 18:41:59+00:00,0.04660973,129.62131,2025-07-05 22:56:39+00:00,2026-09-08T10:40:20.000Z,Low
444,444,Fonq,FONQ,FONQ,['https://coin-images.coingecko.com/coins/images/102173670/large/IMG_6664.png?1780833027'],0.077215,54052312,434.0,54052312.0,66803.0,0.078002,0.076128,5.575e-05,-0.01891,40593.0,0.07516,700000000.0,700000000.0,700000000.0,0.08965,-13.86992,2026-07-30 23:35:30+00:00,0.04096578,88.48742,2026-08-03 07:09:30+00:00,2026-09-08T10:40:20.000Z,Low
445,445,Affine,SN120,affine,['https://coin-images.coingecko.com/coins/images/69755/large/affine-logo.jpeg?1759487699'],13.44,53943015,437.0,53943015.0,250593.0,14.89,13.25,-0.6748589712489839,-5.16533,-2589782.2361239195,-4.58103,4014638.333798324,4014638.333798324,21000000.0,30.83,-56.41605,2025-10-14 11:46:12+00:00,0.138582,9595.51538,2026-04-03 09:59:00+00:00,2026-09-08T10:40:20.000Z,Low
446,446,Apes-2-2,APES,APES,['https://coin-images.coingecko.com/coins/images/102172561/large/photo_2024-08-16_17.29.08.png?1773900252'],0.059901,53910555,386.0,53910555.0,3.54,0.3448725,0.3210785,0.0,0.0,7.4505e-09,0.0,900000000.0,900000000.0,900000000.0,0.080749,-25.81914,2026-04-03 08:01:00+00:00,0.05887,1.75083,2026-06-29 02:14:10+00:00,2026-06-30T02:50:00.000Z,Low
447,447,Based-Brett,BRETT,Brett,['https://coin-images.coingecko.com/coins/images/35529/large/1000050750.png?1709031995'],0.00542899,53803443,436.0,53803443.0,3877321.0,0.00550157,0.00517961,1.965e-05,0.25631,198997.0,0.37123,9909604416.850767,9909604416.850767,9999998988.0,0.234204,-97.68194,2024-12-01 08:31:18+00:00,0.00084753,540.56895,2024-02-29 00:40:24+00:00,2026-09-08T10:40:20.000Z,Low
448,448,Ald,ALD,ALD,['https://coin-images.coingecko.com/coins/images/102174845/large/175553.jpg?1785084640'],0.053779,53765362,435.0,53765362.0,468150.0,0.054853,0.052924,-0.0009542359767918,-1.76266,-967508.79148826,-1.76769,1000000000.0,1000000000.0,1000000000.0,0.064563,-16.70357,2026-08-27 16:57:10+00:00,0.03007515,78.81417,2026-07-29 14:39:50+00:00,2026-09-08T10:40:20.000Z,Low
449,449,Flying-Tulip,FT,Flying Tulip,['https://coin-images.coingecko.com/coins/images/68285/large/FlyingTulip_FT_200px.png?1759802398'],0.101859,53575115,438.0,86442037.0,310928.0,0.102119,0.100607,0.00058193,0.55109,300699.0,0.56443,525946942.9391866,848601541.1372782,10000000000.0,0.111021,-8.25256,2026-06-10 00:00:00+00:00,0.067001,52.02584,2026-04-22 09:37:00+00:00,2026-09-08T10:40:20.000Z,Low
450,450,Apriori,APR,Capricorn,['https://coin-images.coingecko.com/coins/images/70220/large/capricorn.jpg?1786687781'],0.192032,53349226,439.0,192033211.0,8896412.0,0.202755,0.183037,-0.0003989727781733,-0.46999,-110423.65092787148,-0.20656,277812500.0,1000000000.0,1000000000.0,0.73956,-74.03434,2025-10-23 21:11:47+00:00,0.064576,197.37127,2026-02-05 16:25:06+00:00,2026-09-08T10:41:20.000Z,Low
451,451,Nusd-2,NUSD,Neutrl USD,['https://coin-images.coingecko.com/coins/images/70027/large/NUSD-200x200.png?1760452629'],0.998253,53296810,400.0,53296810.0,10315.61,0.3448725,0.3210785,0.0,0.0,7.4505e-09,0.0,53390061.78502091,53390061.78502091,1000000000.0,1.031,-3.20218,2026-01-31 10:47:49+00:00,0.975411,2.34179,2025-11-20 08:41:47+00:00,2026-08-14T09:50:40.000Z,Low
452,452,Toshi,TOSHI,Toshi,['https://coin-images.coingecko.com/coins/images/31126/large/Toshi_Logo_-_Circular.png?1721677476'],0.00012513,52646532,440.0,52646532.0,4731256.0,0.00013451,0.00012433,-6.272599626334e-06,-4.7507,-2634607.838514626,-4.76583,420690000000.0,420690000000.0,420690000000.0,0.00226012,-94.46342,2025-01-26 07:05:39+00:00,1.8963e-08,659764.75503,2023-10-09 08:05:26+00:00,2026-09-08T10:41:20.000Z,Low
453,453,Brz,BRZ,Brazilian Digital,['https://coin-images.coingecko.com/coins/images/8472/large/MicrosoftTeams-image_%286%29.png?1696508657'],0.193021,52494043,441.0,52494124.0,9099.8,0.193651,0.192548,-0.0003559160411887,-0.11384,-135403.1757248491,-0.25728,271958467.0815301,271958467.0815301,1000000000.0,9.99,-98.06698,2023-10-29 15:35:00+00:00,0.00196567,9719.58944,2026-03-06 23:20:14+00:00,2026-09-08T10:41:20.000Z,Low
454,454,Coti,COTI,COTI,['https://coin-images.coingecko.com/coins/images/2962/large/Coti.png?1696503705'],0.0174945,52109434,442.0,52110064.0,33636608.0,0.0176196,0.01587212,4.525e-05,0.51779,118339.0,0.22761,2979560602.83,2979596663.294341,4910000000.0,0.668634,-97.38355,2021-09-29 03:39:21+00:00,0.00556342,214.45597,2019-11-07 02:29:26+00:00,2026-09-08T10:41:20.000Z,Low
455,455,Ozapay,OZA,Ozapay,['https://coin-images.coingecko.com/coins/images/69784/large/OZAPAY_TOKEN.png?1759652625'],0.057288,52108379,443.0,57109611.0,354.75,0.05743,0.055067,0.00113674,2.022,1034280.0,2.02506,909588287.04,996888287.04,996889071.62,0.059345,-3.46637,2026-08-27 08:51:30+00:00,0.01207693,374.35486,2026-05-18 07:13:00+00:00,2026-09-08T10:41:20.000Z,Low
456,456,Tellor,TRB,Tellor Tributes,['https://coin-images.coingecko.com/coins/images/9644/large/TRB-New_Logo.png?1737722143'],18.5,52077109,444.0,53519815.0,9379069.0,18.96,18.26,-0.0104184560071836,-0.10354,-35168.000162251294,-0.06749,2814974.028354035,2892957.969115849,1000000000.0,593.09,-96.88021,2023-12-31 14:15:07+00:00,0.01001379,184675.86061,2019-11-01 02:00:10+00:00,2026-09-08T10:41:20.000Z,Low
457,457,Babylon,BABY,Babylon,['https://coin-images.coingecko.com/coins/images/55092/large/Baby-Symbol-Mint_%281%29.png?1744788866'],0.01133584,52064842,445.0,124288928.0,3897020.0,0.0113298,0.01097423,0.00014381,1.29682,682952.0,1.32917,4592551805.98,10963371189.0,1000000000.0,0.166134,-93.17667,2025-04-12 00:11:41+00:00,0.00950914,19.20997,2026-08-16 06:12:30+00:00,2026-09-08T10:41:20.000Z,Low
458,458,Pirate-Chain,ARRR,Pirate Chain,['https://coin-images.coingecko.com/coins/images/6905/large/Pirate_Chain.png?1696507223'],0.264842,51962983,446.0,52965677.0,466219.0,0.282894,0.252151,0.00285721,1.07804,557963.0,1.08543,196213797.97055,200000000.0,1000000000.0,16.76,-98.41986,2021-04-23 10:13:27+00:00,0.00797788,3219.70289,2020-11-25 18:10:52+00:00,2026-09-08T10:41:20.000Z,Low
459,459,Nano,XNO,Nano,['https://coin-images.coingecko.com/coins/images/756/large/nano.png?1696501910'],0.388276,51737095,447.0,51737095.0,308761.0,0.399047,0.386597,0.00136036,0.35261,181306.0,0.35167,133248297.0,133248297.0,133248297.0,33.69,-98.84763,2018-01-01 16:00:00+00:00,0.026179,1383.1565,2017-07-15 16:00:00+00:00,2026-09-08T10:41:20.000Z,Low
460,460,Memetoon,MEME,MEMETOON,['https://coin-images.coingecko.com/coins/images/31632/large/meme.8af7ca91.png?1696530448'],0.00051674,51673755,430.0,51673755.0,378082.0,0.3448725,0.3210785,0.0,0.0,7.4505e-09,0.0,100000000000.0,100000000000.0,100000000000.0,0.02211441,-97.66334,2023-09-13 19:00:18+00:00,1.00191e-07,515654.84824,2025-06-15 23:23:39+00:00,2026-09-02T15:18:10.000Z,Low
461,461,Peanut-The-Squirrel,PNUT,Peanut the Squirrel,['https://coin-images.coingecko.com/coins/images/51301/large/Peanut_the_Squirrel.png?1734941241'],0.051329,51317114,448.0,51317114.0,9206547.0,0.051818,0.04975902,0.00113411,2.29026,1130464.0,2.25252,999841633.378855,999841633.378855,1000000000.0,2.44,-97.89351,2024-11-13 17:20:47+00:00,0.03187374,61.0376,2024-11-04 13:41:11+00:00,2026-09-08T10:41:20.000Z,Low
462,462,Anemoy-Tokenized-Apollo-Diversified-Credit-Fund,ACRDX,Anemoy Tokenized Apollo Diversified Credit Fund,['https://coin-images.coingecko.com/coins/images/70454/large/acdrx.png?1762081579'],1.024,51231426,449.0,51231426.0,6277292.0,1.024,1.024,0.0,0.0,0.0,0.0,50014229.92,50014229.92,1000000000.0,1.025,-0.0561,2026-08-28 16:50:10+00:00,1.015,0.91523,2026-03-13 10:00:07+00:00,2026-09-08T10:41:20.000Z,Low
463,463,Popcat,POPCAT,Popcat,['https://coin-images.coingecko.com/coins/images/33760/large/image.jpg?1702964227'],0.052092,51025369,450.0,51025369.0,10050519.0,0.05388,0.051092,-0.0005410385012803,-1.06101,-554059.8712295443,-1.07419,979978669.96,979978669.96,979978694.0,2.05,-97.46477,2024-11-17 07:50:59+00:00,0.00379728,1271.82979,2024-01-05 07:34:24+00:00,2026-09-08T10:41:20.000Z,Low
464,464,Blur,BLUR,Blur,['https://coin-images.coingecko.com/coins/images/28453/large/blur.png?1696527448'],0.01761775,50794023,451.0,52848463.0,6738462.0,0.01773452,0.0171419,0.00020995,1.21539,613457.0,1.2225,2883377512.8424654,3000000000.0,3000000000.0,5.02,-99.64879,2023-02-14 09:33:55+00:00,0.01276741,37.98993,2026-08-18 03:33:20+00:00,2026-09-08T10:41:20.000Z,Low
465,465,Ravencoin,RVN,Ravencoin,['https://coin-images.coingecko.com/coins/images/3412/large/ravencoin.png?1696504108'],0.00308206,50685768,452.0,50686242.0,1353410.0,0.00314533,0.00300004,-1.2117984871061e-05,-0.38948,-193396.59398620576,-0.38011,16445372785.91267,16445531535.91267,21000000000.0,0.285218,-98.9194,2021-02-20 03:19:07+00:00,0.00258009,19.4557,2026-08-12 23:07:40+00:00,2026-09-08T10:41:20.000Z,Low
466,466,Na-Capital-As-A-Service-Sstn,PC0016245,NA Capital-as-a-Service SSTN,['https://coin-images.coingecko.com/coins/images/66593/large/tradable.jpg?1749883324'],1.0,50600000,453.0,50600000.0,6277292.0,1.0,1.0,0.0,0.0,0.0,0.0,50600000.0,50600000.0,100000000.0,1.0,0.0,2025-07-03 02:25:10+00:00,1.0,0.0,2026-07-23 07:25:00+00:00,2026-09-08T10:41:20.000Z,Low
467,467,Holoworld,HOLO,Holoworld,['https://coin-images.coingecko.com/coins/images/68845/large/holo.png?1756787241'],0.066325,50591647,454.0,135815466.0,1594427.0,0.067583,0.065575,-0.0006516329813595,-0.98331,-504085.75390613824,-0.98655,762885817.999999,2048000000.0,2048000000.0,0.775714,-91.44978,2025-09-11 04:11:26+00:00,0.050023,32.59044,2026-02-05 16:25:39+00:00,2026-09-08T10:41:20.000Z,Low
468,468,Space-Id,ID,SPACE ID,['https://coin-images.coingecko.com/coins/images/29468/large/sid_token_logo_%28green2%29.png?1696528413'],0.03423065,50560809,455.0,68269896.0,3621639.0,0.03425263,0.03326101,0.00039322,1.11251,569951.0,1.14011,1477383439.516638,1994841761.516638,2000000000.0,1.84,-98.13581,2024-03-17 02:31:23+00:00,0.02303165,48.62439,2026-06-06 05:03:30+00:00,2026-09-08T10:41:20.000Z,Low
469,469,Xyo-Network,XYO,XYO Network,['https://coin-images.coingecko.com/coins/images/4519/large/XYO_Network-logo.png?1696505103'],0.00362498,50500739,456.0,50500739.0,2512608.0,0.00368296,0.00356236,8.09e-06,0.3245,114826.0,0.22789,13930752875.47967,13930752875.47967,1000000000.0,0.081391,-95.5462,2021-11-05 20:44:55+00:00,9.672e-05,3647.83853,2020-03-12 18:24:24+00:00,2026-09-08T10:41:20.000Z,Low
470,470,Pentagon-Chain,PC,Pentagon Chain,['https://coin-images.coingecko.com/coins/images/66638/large/pentagon-chain-token-fcp.png?1750094674'],51.02,50165103,457.0,51018369.0,12253.52,51.35,45.79,4.47,9.58701,4392476.0,9.59629,983275.3215980448,1000000.0,1000000000.0,58.59,-12.9218,2026-05-18 22:15:00+00:00,11.68,336.80694,2025-06-16 14:54:20+00:00,2026-09-08T10:41:20.000Z,Low
471,471,Blackrock-Daily-Reinvestment-Stablecoin-Reserve-Vehicle,BRSRV,BlackRock Daily Reinvestment Stablecoin Reserve Vehicle,['https://coin-images.coingecko.com/coins/images/102175222/large/brsrv_logo.png?1785776164'],1.0,50154313,458.0,50154313.0,6277292.0,1.0,1.0,0.0,0.0,0.0,0.0,50154313.45,50154313.45,1000000000.0,1.0,0.0,2026-08-10 17:15:00+00:00,1.0,0.0,2026-08-10 17:30:00+00:00,2026-09-08T10:41:20.000Z,Low
472,472,Alloy-Tether,AUSDT,Alloy Tether,['https://coin-images.coingecko.com/coins/images/38747/large/ausdt.png?1718681185'],0.999689,50100609,456.0,50100609.0,0.995897,0.999772,0.999642,-4.6109639669667e-05,-0.00263,-2310.83962251246,-0.00461,50116193.47,50116193.47,1000000000.0,1.08,-7.43758,2026-08-29 13:32:40+00:00,0.050042,1897.68592,2026-08-11 07:43:10+00:00,2026-09-07T15:30:10.000Z,Low
473,473,Usdkg,USDKG,USDKG,['https://coin-images.coingecko.com/coins/images/71116/large/USDKG_400x400.jpg?1765871330'],0.999374,49969008,459.0,49969008.0,4653.59,0.999593,0.998299,-0.000180375570949,-0.01545,-8713.072586804628,-0.01743,50000000.0,50000000.0,1000000000.0,1.021,-2.12606,2026-01-23 01:26:20+00:00,0.992226,0.72044,2026-02-24 04:02:01+00:00,2026-09-08T10:41:20.000Z,Low
474,474,Troll-2,TROLL,TROLL,['https://coin-images.coingecko.com/coins/images/55282/large/Untitled_design.png?1777015928'],0.04991962,49849763,460.0,49849763.0,4248398.0,0.050501,0.04640428,-0.0001357116781431,-0.16022,-143973.89550708234,-0.28798,998768959.765308,998768959.440865,1000000000.0,0.282604,-82.33583,2025-08-22 13:48:29+00:00,0.00387003,1189.9016,2025-04-21 19:50:51+00:00,2026-09-08T10:41:20.000Z,Low
475,475,Ethgas-2,GWEI,ETHGas,['https://coin-images.coingecko.com/coins/images/71375/large/ethgas_token_200.png?1769055039'],0.02509687,49692064,461.0,250970018.0,4359715.0,0.02535957,0.02400069,0.00055022,2.23264,1089701.0,2.24207,1980000000.0,10000000000.0,10000000000.0,0.246648,-89.82481,2026-06-29 13:15:30+00:00,0.01446783,73.46672,2026-07-31 00:05:30+00:00,2026-09-08T10:41:20.000Z,Low
476,476,Threshold-Network-Token,T,Threshold Network,['https://coin-images.coingecko.com/coins/images/22228/large/nFPNiSbL_400x400.jpg?1696521570'],0.00444384,49567428,462.0,49567428.0,13320980.0,0.00473944,0.00436064,-1.8286671853463e-05,-0.42238,-207562.26619326323,-0.417,11155000000.0,11155000000.0,1000000000.0,0.226934,-98.04179,2022-03-02 00:36:02+00:00,0.00315491,40.85448,2026-06-25 13:59:50+00:00,2026-09-08T10:41:20.000Z,Low
477,477,Fidelity-Digital-Dollar,FIDD,Fidelity Digital Dollar,['https://coin-images.coingecko.com/coins/images/102171776/large/FIDD-Green_%28792px%29.png?1769612802'],0.999607,49471256,463.0,49471256.0,37616877.0,0.999851,0.999262,-2.6390853707592e-05,-0.0003,-1004.0598568543792,-0.00203,49490409.15,49490409.15,1000000000.0,1.011,-1.12741,2026-02-04 07:14:08+00:00,0.994161,0.54776,2026-02-04 07:05:21+00:00,2026-09-08T10:41:20.000Z,Low
478,478,Gekko,GEKKO,GEKKO,['https://coin-images.coingecko.com/coins/images/32439/large/gekko_%281%29.png?1698228341'],8.19344e-07,49347736,464.0,164492452.0,40820.0,8.27799e-07,7.9535e-07,-6.129568742e-09,-0.41088,-180689.7080675736,-0.36482,60000000000000.0,200000000000000.0,200000000000000.0,1.37e-05,-94.02039,2024-03-06 13:14:42+00:00,5.49016e-07,49.23858,2026-06-09 09:47:50+00:00,2026-09-08T10:41:20.000Z,Low
479,479,Precious-Metals-Usd,PMUSD,Precious Metals USD,['https://coin-images.coingecko.com/coins/images/71149/large/pmUSD.png?1766015276'],0.52414,49275888,465.0,49275888.0,45503.0,0.552157,0.512265,0.01069136,2.097,1011134.0,2.09497,94001203.6222222,94001203.6222222,1000000000.0,1.08,-51.45115,2026-04-12 03:19:00+00:00,0.113327,362.50196,2026-05-04 16:36:00+00:00,2026-09-08T10:41:20.000Z,Low
480,480,Allunity-Chf,CHFAU,AllUnity CHF,['https://coin-images.coingecko.com/coins/images/102172300/large/CHFAU_red.png?1782278502'],1.23,49092335,466.0,49092335.0,21706.0,1.24,1.23,-0.0022578170076352,-0.18018,-89592.07655218244,-0.18216,39813863.921656,39813863.921656,1000000000.0,1.25,-1.62926,2026-08-20 14:49:00+00:00,1.23,0.54379,2026-08-13 20:55:30+00:00,2026-09-08T10:41:20.000Z,Low
481,481,Flow,FLOW,Flow,['https://coin-images.coingecko.com/coins/images/13446/large/5f6294c0c7a8cda55cb1c936_Flow_Wordmark.png?1696513210'],0.02897357,48860559,467.0,48860559.0,4650718.0,0.02962462,0.02798338,7.948e-05,0.24072,116528.0,0.23906,1686989901.3428068,1686989901.342806,1000000000.0,42.4,-99.93166,2021-04-05 05:49:10+00:00,0.02368276,22.34034,2026-07-28 01:09:20+00:00,2026-09-08T10:41:20.000Z,Low
482,482,Bim-2,BIM,BIM,['https://coin-images.coingecko.com/coins/images/54860/large/bim-fi.jpg?1742179842'],1.63,48804944,468.0,48804944.0,236332.0,1.64,1.62,-0.0005921261309549,-0.0338,-17466.200428053737,-0.03577,30000000.0,30000000.0,30000000.0,3.07,-47.02311,2025-08-24 11:22:19+00:00,0.861976,88.73176,2025-04-08 17:31:48+00:00,2026-09-08T10:41:20.000Z,Low
483,483,Polymesh,POLYX,Polymesh,['https://coin-images.coingecko.com/coins/images/23496/large/Polymesh-symbol.png?1696522706'],0.03698114,48660489,469.0,48660489.0,1352324.0,0.03771201,0.03602908,0.00038951,1.03983,509097.0,1.05728,1316255515.735494,1316255515.735494,1000000000.0,0.748771,-95.06109,2024-03-31 13:30:42+00:00,0.02756208,34.17399,2026-08-18 03:36:20+00:00,2026-09-08T10:41:20.000Z,Low
484,484,Verge,XVG,Verge,['https://coin-images.coingecko.com/coins/images/203/large/Verge_Coin_%28native%29_icon_200x200.jpg?1699220755'],0.00292882,48393064,470.0,48489865.0,6296262.0,0.00304941,0.0027285,0.00010637,3.66031,1760801.0,3.77593,16521951234.841335,16555000000.0,1000000000.0,0.261874,-98.88159,2017-12-23 16:00:00+00:00,2.23e-06,130967.37592,2015-02-05 16:00:00+00:00,2026-09-08T10:41:20.000Z,Low
485,485,Casper-Network,CSPR,Casper Network,['https://coin-images.coingecko.com/coins/images/15279/large/Casper_Monogram_Favicon_White_on_Red_Circle_RGB_200px.png?1749832573'],0.00287288,48171032,471.0,57190366.0,1470552.0,0.00289813,0.0027329,0.00012838,4.31702,2156200.0,4.68588,16769704387.0,19909939213.0,1000000000.0,1.33,-99.78325,2021-05-11 16:00:00+00:00,0.00146007,96.76257,2026-07-21 11:41:00+00:00,2026-09-08T10:41:20.000Z,Low
486,486,Sygnum-Fiusd-Liquidity-Fund,FIUSD,Sygnum FIUSD Liquidity Fund,['https://coin-images.coingecko.com/coins/images/50749/large/FIUDS_200x200px_%281%29.png?1728956878'],12015.23,48032804,472.0,48032804.0,6277292.0,12015.23,12015.23,1.819e-12,0.0,0.0,0.0,3997.66,3997.66,1000000000.0,12015.23,0.0,2026-09-04 21:30:00+00:00,11251.76,6.78534,2025-01-21 00:25:04+00:00,2026-09-08T10:41:20.000Z,Low
487,487,Celo,CELO,Celo,['https://coin-images.coingecko.com/coins/images/11090/large/InjXBNx9_400x400.jpg?1696511031'],0.078777,47807728,473.0,78777591.0,13440300.0,0.079761,0.077864,0.00038489,0.48843,233749.0,0.49134,606869634.0,1000000000.0,1000000000.0,9.82,-99.19789,2021-08-30 06:25:09+00:00,0.055659,41.53555,2026-06-30 20:44:20+00:00,2026-09-08T10:41:20.000Z,Low
488,488,Altlayer,ALT,AltLayer,['https://coin-images.coingecko.com/coins/images/34608/large/Logomark_200x200.png?1715107868'],0.0066934,47682379,474.0,66909595.0,4299464.0,0.00671599,0.00646964,0.00016707,2.57119,1173211.0,2.52254,7126388885.0,10000000000.0,10000000000.0,0.676743,-99.01094,2024-03-28 15:20:10+00:00,0.00536566,24.74527,2026-06-06 05:03:15+00:00,2026-09-08T10:41:20.000Z,Low
489,489,Dusk-Network,DUSK,DUSK,['https://coin-images.coingecko.com/coins/images/5217/large/image_widget_biddfvxd454b1.png?1696505726'],0.079058,47650767,475.0,47651214.0,4239246.0,0.080715,0.077698,0.00133397,1.69014,806654.0,1.722,602867686.5169964,602877356.716134,1000000000.0,1.09,-92.74635,2021-12-29 13:34:22+00:00,0.01113274,610.14327,2020-03-12 18:24:16+00:00,2026-09-08T10:41:20.000Z,Low
490,490,Sophon,SOPH,Sophon,['https://coin-images.coingecko.com/coins/images/38680/large/sophon_logo_200.png?1747898236'],0.011394,47574122,476.0,115219425.0,307870407.0,0.01373522,0.00463309,0.00640162,131.26444,26960581.0,130.79064,4129001883.0,10000000000.0,10000000000.0,0.110782,-89.71492,2025-05-28 05:19:51+00:00,0.00327683,247.7137,2026-08-19 02:45:00+00:00,2026-09-08T10:41:20.000Z,Low
491,491,Lombard-Protocol,BARD,Lombard,['https://coin-images.coingecko.com/coins/images/68404/large/bard.png?1755657543'],0.134577,47559780,477.0,134563479.0,2474876.0,0.136503,0.13065,-0.0012855023029909,-0.62407,-459011.5070907623,-0.9559,353437500.0,1000000000.0,1000000000.0,1.7,-92.08665,2026-03-05 12:26:18+00:00,0.100524,33.87559,2026-08-18 03:33:40+00:00,2026-09-08T10:41:20.000Z,Low
492,492,Mantis,M,Mantis,['https://coin-images.coingecko.com/coins/images/54291/large/mantis-symbol.png?1739083455'],0.47447,47447004,429.0,47447004.0,4702.18,0.3448725,0.3210785,0.0,0.0,7.4505e-09,0.0,100000000.0,100000000.0,100000000.0,4.84,-90.18883,2026-04-24 05:15:00+00:00,0.00133677,35393.84715,2026-01-21 09:31:11+00:00,2026-08-15T22:22:10.000Z,Low
493,493,Mask-Network,MASK,Mask Network,['https://coin-images.coingecko.com/coins/images/14051/large/Mask_Network.jpg?1696513776'],0.473995,47404980,478.0,47404980.0,19544268.0,0.484073,0.468032,-0.0009396142737686,-0.182,-88491.69554831088,-0.18632,100000000.0,100000000.0,100000000.0,41.45,-98.85634,2021-02-24 09:42:44+00:00,0.331174,43.12589,2026-06-06 05:03:00+00:00,2026-09-08T10:41:20.000Z,Low
494,494,Jupusd,JUPUSD,JupUSD,['https://coin-images.coingecko.com/coins/images/70636/large/icon.png?1767003505'],0.999548,47209664,479.0,47209664.0,9976929.0,0.99973,0.999438,-4.3592647150148e-05,-0.00178,-51771.36109583825,-0.10954,47230705.760017,47230705.760017,1000000000.0,1.023,-2.33448,2026-04-26 05:01:00+00:00,0.124871,700.46257,2026-07-09 09:10:50+00:00,2026-09-08T10:41:20.000Z,Low
495,495,Megaeth,MEGA,MegaETH,['https://coin-images.coingecko.com/coins/images/69995/large/9fcb2fa4-b240-46e2-9016-c4f6101a139d.jpeg?1778485816'],0.04173569,47179177,480.0,417591414.0,15810468.0,0.04407266,0.03890145,0.00250666,6.46815,2858507.0,6.4496,1129792788.0,10000000000.0,10000000000.0,0.217716,-80.83018,2026-04-30 11:10:00+00:00,0.03013751,38.48419,2026-08-14 19:32:40+00:00,2026-09-08T10:41:20.000Z,Low
496,496,Notcoin,NOT,Notcoin,['https://coin-images.coingecko.com/coins/images/33453/large/rFmThDiD_400x400.jpg?1701876350'],0.00047386,47097566,481.0,48529638.0,6765155.0,0.00047872,0.00045923,1.128e-05,2.39969,1103210.0,2.39858,99429405866.9074,102452755868.5205,102456956842.91,0.02836145,-98.3292,2024-06-02 10:00:38+00:00,0.00032055,47.82784,2026-07-29 21:05:40+00:00,2026-09-08T10:41:20.000Z,Low
497,497,Hydradx,HDX,Hydration,['https://coin-images.coingecko.com/coins/images/13929/large/avatar-circle-pink.png?1717638991'],0.00793735,47004755,482.0,51013674.0,104287.0,0.00848288,0.0078427,-0.0001969093985217,-2.43292,-1135231.3476129398,-2.35819,5918174822.0,6422921278.131422,6500000000.0,0.054409,-85.41174,2026-04-07 06:24:00+00:00,0.00135872,484.17823,2026-05-29 23:36:00+00:00,2026-09-08T10:41:20.000Z,Low
498,498,Tradable-Latam-Bnpl-Sstn,PC0000027,Tradable LatAm BNPL SSTN,['https://coin-images.coingecko.com/coins/images/66793/large/tradable.jpg?1750576283'],1.0,47000000,483.0,47000000.0,6277292.0,1.0,1.0,0.0,0.0,0.0,0.0,47000000.0,47000000.0,100000000.0,1.0,0.0,2025-07-03 02:25:01+00:00,1.0,0.0,2026-07-23 07:25:00+00:00,2026-09-08T10:41:20.000Z,Low
499,499,Loaded-Lions,LION,Loaded Lions,['https://coin-images.coingecko.com/coins/images/54686/large/_LION_Token_Artwork.png?1741015702'],0.00152012,46636652,484.0,152009954.0,45885.0,0.00153637,0.00147548,1.956e-05,1.30218,599422.0,1.30204,30679999000.0,100000000000.0,100000000000.0,0.03159196,-95.18827,2025-08-27 18:22:49+00:00,0.00119567,27.13578,2026-08-08 08:00:40+00:00,2026-09-08T10:41:20.000Z,Low
